Step,AgentID,Wealth,Position,Vision,N_Agents,Size,inheritance taxbrackets,inheritance tax percentages,Starting Wealth
0,0,5.0,"(46, 33)",5,10,50,"[0, 10, 30, 50, 100]","[0, 0.3, 0.3, 0.35, 0.6]",5
0,1,5.0,"(17, 29)",5,10,50,"[0, 10, 30, 50, 100]","[0, 0.3, 0.3, 0.35, 0.6]",5
0,2,5.0,"(29, 37)",5,10,50,"[0, 10, 30, 50, 100]","[0, 0.3, 0.3, 0.35, 0.6]",5
0,3,5.0,"(44, 11)",5,10,50,"[0, 10, 30, 50, 100]","[0, 0.3, 0.3, 0.35, 0.6]",5
0,4,5.0,"(43, 35)",5,10,50,"[0, 10, 30, 50, 100]","[0, 0.3, 0.3, 0.35, 0.6]",5
0,5,5.0,"(31, 10)",5,10,50,"[0, 10, 30, 50, 100]","[0, 0.3, 0.3, 0.35, 0.6]",5
0,6,5.0,"(47, 6)",5,10,50,"[0, 10, 30, 50, 100]","[0, 0.3, 0.3, 0.35, 0.6]",5
0,7,5.0,"(42, 41)",5,10,50,"[0, 10, 30, 50, 100]","[0, 0.3, 0.3, 0.35, 0.6]",5
0,8,5.0,"(48, 5)",5,10,50,"[0, 10, 30, 50, 100]","[0, 0.3, 0.3, 0.35, 0.6]",5
0,9,5.0,"(36, 5)",5,10,50,"[0, 10, 30, 50, 100]","[0, 0.3, 0.3, 0.35, 0.6]",5
1,0,41092.00000000001,"(41, 29)",5,10,50,"[0, 10, 30, 50, 100]","[0, 0.3, 0.3, 0.35, 0.6]",5
1,1,82180.00000000001,"(14, 34)",5,10,50,"[0, 10, 30, 50, 100]","[0, 0.3, 0.3, 0.35, 0.6]",5
1,2,41092.00000000001,"(28, 36)",5,10,50,"[0, 10, 30, 50, 100]","[0, 0.3, 0.3, 0.35, 0.6]",5
1,3,82180.00000000001,"(40, 13)",5,10,50,"[0, 10, 30, 50, 100]","[0, 0.3, 0.3, 0.35, 0.6]",5
1,4,41092.00000000001,"(38, 30)",5,10,50,"[0, 10, 30, 50, 100]","[0, 0.3, 0.3, 0.35, 0.6]",5
1,5,82180.00000000001,"(31, 11)",5,10,50,"[0, 10, 30, 50, 100]","[0, 0.3, 0.3, 0.35, 0.6]",5
1,6,61636.0,"(43, 8)",5,10,50,"[0, 10, 30, 50, 100]","[0, 0.3, 0.3, 0.35, 0.6]",5
1,7,20548.000000000004,"(42, 36)",5,10,50,"[0, 10, 30, 50, 100]","[0, 0.3, 0.3, 0.35, 0.6]",5
1,8,61636.0,"(44, 10)",5,10,50,"[0, 10, 30, 50, 100]","[0, 0.3, 0.3, 0.35, 0.6]",5
1,9,82180.00000000001,"(36, 9)",5,10,50,"[0, 10, 30, 50, 100]","[0, 0.3, 0.3, 0.35, 0.6]",5
2,0,102723.0,"(39, 24)",5,10,50,"[0, 10, 30, 50, 100]","[0, 0.3, 0.3, 0.35, 0.6]",5
2,1,164355.00000000003,"(13, 34)",5,10,50,"[0, 10, 30, 50, 100]","[0, 0.3, 0.3, 0.35, 0.6]",5
2,2,82179.00000000001,"(28, 35)",5,10,50,"[0, 10, 30, 50, 100]","[0, 0.3, 0.3, 0.35, 0.6]",5
2,3,164355.00000000003,"(40, 14)",5,10,50,"[0, 10, 30, 50, 100]","[0, 0.3, 0.3, 0.35, 0.6]",5
2,4,102723.0,"(37, 25)",5,10,50,"[0, 10, 30, 50, 100]","[0, 0.3, 0.3, 0.35, 0.6]",5
2,5,164355.00000000003,"(30, 11)",5,10,50,"[0, 10, 30, 50, 100]","[0, 0.3, 0.3, 0.35, 0.6]",5
2,6,143811.0,"(39, 11)",5,10,50,"[0, 10, 30, 50, 100]","[0, 0.3, 0.3, 0.35, 0.6]",5
2,7,41091.00000000001,"(42, 35)",5,10,50,"[0, 10, 30, 50, 100]","[0, 0.3, 0.3, 0.35, 0.6]",5
2,8,143811.0,"(39, 12)",5,10,50,"[0, 10, 30, 50, 100]","[0, 0.3, 0.3, 0.35, 0.6]",5
2,9,164355.00000000003,"(35, 9)",5,10,50,"[0, 10, 30, 50, 100]","[0, 0.3, 0.3, 0.35, 0.6]",5
3,0,184898.0,"(38, 19)",5,10,50,"[0, 10, 30, 50, 100]","[0, 0.3, 0.3, 0.35, 0.6]",5
3,1,246530.00000000006,"(12, 34)",5,10,50,"[0, 10, 30, 50, 100]","[0, 0.3, 0.3, 0.35, 0.6]",5
3,2,123266.00000000003,"(28, 36)",5,10,50,"[0, 10, 30, 50, 100]","[0, 0.3, 0.3, 0.35, 0.6]",5
3,3,246530.00000000006,"(40, 13)",5,10,50,"[0, 10, 30, 50, 100]","[0, 0.3, 0.3, 0.35, 0.6]",5
3,4,184898.0,"(36, 20)",5,10,50,"[0, 10, 30, 50, 100]","[0, 0.3, 0.3, 0.35, 0.6]",5
3,5,246530.00000000006,"(31, 11)",5,10,50,"[0, 10, 30, 50, 100]","[0, 0.3, 0.3, 0.35, 0.6]",5
3,6,225986.0,"(38, 11)",5,10,50,"[0, 10, 30, 50, 100]","[0, 0.3, 0.3, 0.35, 0.6]",5
3,7,82178.00000000001,"(38, 30)",5,10,50,"[0, 10, 30, 50, 100]","[0, 0.3, 0.3, 0.35, 0.6]",5
3,8,225986.0,"(38, 12)",5,10,50,"[0, 10, 30, 50, 100]","[0, 0.3, 0.3, 0.35, 0.6]",5
3,9,246530.00000000006,"(35, 10)",5,10,50,"[0, 10, 30, 50, 100]","[0, 0.3, 0.3, 0.35, 0.6]",5
4,0,267073.0,"(38, 18)",5,10,50,"[0, 10, 30, 50, 100]","[0, 0.3, 0.3, 0.35, 0.6]",5
4,1,328705.00000000006,"(13, 34)",5,10,50,"[0, 10, 30, 50, 100]","[0, 0.3, 0.3, 0.35, 0.6]",5
4,2,164353.00000000003,"(28, 35)",5,10,50,"[0, 10, 30, 50, 100]","[0, 0.3, 0.3, 0.35, 0.6]",5
4,3,328705.00000000006,"(40, 14)",5,10,50,"[0, 10, 30, 50, 100]","[0, 0.3, 0.3, 0.35, 0.6]",5
4,4,267073.0,"(35, 20)",5,10,50,"[0, 10, 30, 50, 100]","[0, 0.3, 0.3, 0.35, 0.6]",5
4,5,328705.00000000006,"(32, 11)",5,10,50,"[0, 10, 30, 50, 100]","[0, 0.3, 0.3, 0.35, 0.6]",5
4,6,308161.0,"(38, 10)",5,10,50,"[0, 10, 30, 50, 100]","[0, 0.3, 0.3, 0.35, 0.6]",5
4,7,143809.0,"(37, 25)",5,10,50,"[0, 10, 30, 50, 100]","[0, 0.3, 0.3, 0.35, 0.6]",5
4,8,308161.0,"(38, 13)",5,10,50,"[0, 10, 30, 50, 100]","[0, 0.3, 0.3, 0.35, 0.6]",5
4,9,328705.00000000006,"(34, 10)",5,10,50,"[0, 10, 30, 50, 100]","[0, 0.3, 0.3, 0.35, 0.6]",5
5,0,349248.0,"(39, 18)",5,10,50,"[0, 10, 30, 50, 100]","[0, 0.3, 0.3, 0.35, 0.6]",5
5,1,410880.00000000006,"(14, 34)",5,10,50,"[0, 10, 30, 50, 100]","[0, 0.3, 0.3, 0.35, 0.6]",5
5,2,205440.00000000003,"(28, 36)",5,10,50,"[0, 10, 30, 50, 100]","[0, 0.3, 0.3, 0.35, 0.6]",5
5,3,410880.00000000006,"(40, 15)",5,10,50,"[0, 10, 30, 50, 100]","[0, 0.3, 0.3, 0.35, 0.6]",5
5,4,349248.0,"(35, 19)",5,10,50,"[0, 10, 30, 50, 100]","[0, 0.3, 0.3, 0.35, 0.6]",5
5,5,410880.00000000006,"(32, 12)",5,10,50,"[0, 10, 30, 50, 100]","[0, 0.3, 0.3, 0.35, 0.6]",5
5,6,390336.0,"(37, 10)",5,10,50,"[0, 10, 30, 50, 100]","[0, 0.3, 0.3, 0.35, 0.6]",5
5,7,225984.0,"(36, 20)",5,10,50,"[0, 10, 30, 50, 100]","[0, 0.3, 0.3, 0.35, 0.6]",5
5,8,390336.0,"(38, 12)",5,10,50,"[0, 10, 30, 50, 100]","[0, 0.3, 0.3, 0.35, 0.6]",5
5,9,410880.00000000006,"(34, 9)",5,10,50,"[0, 10, 30, 50, 100]","[0, 0.3, 0.3, 0.35, 0.6]",5
6,0,431423.0,"(38, 18)",5,10,50,"[0, 10, 30, 50, 100]","[0, 0.3, 0.3, 0.35, 0.6]",5
6,1,493055.00000000006,"(13, 34)",5,10,50,"[0, 10, 30, 50, 100]","[0, 0.3, 0.3, 0.35, 0.6]",5
6,2,246527.00000000003,"(27, 36)",5,10,50,"[0, 10, 30, 50, 100]","[0, 0.3, 0.3, 0.35, 0.6]",5
6,3,493055.00000000006,"(39, 15)",5,10,50,"[0, 10, 30, 50, 100]","[0, 0.3, 0.3, 0.35, 0.6]",5
6,4,431423.0,"(34, 19)",5,10,50,"[0, 10, 30, 50, 100]","[0, 0.3, 0.3, 0.35, 0.6]",5
6,5,493055.00000000006,"(32, 13)",5,10,50,"[0, 10, 30, 50, 100]","[0, 0.3, 0.3, 0.35, 0.6]",5
6,6,472511.0,"(36, 10)",5,10,50,"[0, 10, 30, 50, 100]","[0, 0.3, 0.3, 0.35, 0.6]",5
6,7,308159.0,"(36, 19)",5,10,50,"[0, 10, 30, 50, 100]","[0, 0.3, 0.3, 0.35, 0.6]",5
6,8,472511.0,"(37, 12)",5,10,50,"[0, 10, 30, 50, 100]","[0, 0.3, 0.3, 0.35, 0.6]",5
6,9,493055.00000000006,"(35, 9)",5,10,50,"[0, 10, 30, 50, 100]","[0, 0.3, 0.3, 0.35, 0.6]",5
7,0,513598.0,"(38, 19)",5,10,50,"[0, 10, 30, 50, 100]","[0, 0.3, 0.3, 0.35, 0.6]",5
7,1,575230.0000000001,"(14, 34)",5,10,50,"[0, 10, 30, 50, 100]","[0, 0.3, 0.3, 0.35, 0.6]",5
7,2,287614.00000000006,"(27, 35)",5,10,50,"[0, 10, 30, 50, 100]","[0, 0.3, 0.3, 0.35, 0.6]",5
7,3,575230.0000000001,"(39, 16)",5,10,50,"[0, 10, 30, 50, 100]","[0, 0.3, 0.3, 0.35, 0.6]",5
7,4,513598.0,"(34, 20)",5,10,50,"[0, 10, 30, 50, 100]","[0, 0.3, 0.3, 0.35, 0.6]",5
7,5,575230.0000000001,"(31, 13)",5,10,50,"[0, 10, 30, 50, 100]","[0, 0.3, 0.3, 0.35, 0.6]",5
7,6,554686.0,"(36, 9)",5,10,50,"[0, 10, 30, 50, 100]","[0, 0.3, 0.3, 0.35, 0.6]",5
7,7,390334.0,"(37, 19)",5,10,50,"[0, 10, 30, 50, 100]","[0, 0.3, 0.3, 0.35, 0.6]",5
7,8,554686.0,"(36, 12)",5,10,50,"[0, 10, 30, 50, 100]","[0, 0.3, 0.3, 0.35, 0.6]",5
7,9,575230.0000000001,"(34, 9)",5,10,50,"[0, 10, 30, 50, 100]","[0, 0.3, 0.3, 0.35, 0.6]",5
8,0,595773.0,"(38, 18)",5,10,50,"[0, 10, 30, 50, 100]","[0, 0.3, 0.3, 0.35, 0.6]",5
8,1,657405.0000000001,"(13, 34)",5,10,50,"[0, 10, 30, 50, 100]","[0, 0.3, 0.3, 0.35, 0.6]",5
8,2,328701.00000000006,"(27, 36)",5,10,50,"[0, 10, 30, 50, 100]","[0, 0.3, 0.3, 0.35, 0.6]",5
8,3,657405.0000000001,"(40, 16)",5,10,50,"[0, 10, 30, 50, 100]","[0, 0.3, 0.3, 0.35, 0.6]",5
8,4,595773.0,"(35, 20)",5,10,50,"[0, 10, 30, 50, 100]","[0, 0.3, 0.3, 0.35, 0.6]",5
8,5,657405.0000000001,"(32, 13)",5,10,50,"[0, 10, 30, 50, 100]","[0, 0.3, 0.3, 0.35, 0.6]",5
8,6,636861.0,"(36, 10)",5,10,50,"[0, 10, 30, 50, 100]","[0, 0.3, 0.3, 0.35, 0.6]",5
8,7,472509.0,"(36, 19)",5,10,50,"[0, 10, 30, 50, 100]","[0, 0.3, 0.3, 0.35, 0.6]",5
8,8,636861.0,"(37, 12)",5,10,50,"[0, 10, 30, 50, 100]","[0, 0.3, 0.3, 0.35, 0.6]",5
8,9,657405.0000000001,"(35, 9)",5,10,50,"[0, 10, 30, 50, 100]","[0, 0.3, 0.3, 0.35, 0.6]",5
9,0,677948.0,"(39, 18)",5,10,50,"[0, 10, 30, 50, 100]","[0, 0.3, 0.3, 0.35, 0.6]",5
9,1,739580.0000000001,"(12, 34)",5,10,50,"[0, 10, 30, 50, 100]","[0, 0.3, 0.3, 0.35, 0.6]",5
9,2,369788.00000000006,"(27, 35)",5,10,50,"[0, 10, 30, 50, 100]","[0, 0.3, 0.3, 0.35, 0.6]",5
9,3,739580.0000000001,"(40, 15)",5,10,50,"[0, 10, 30, 50, 100]","[0, 0.3, 0.3, 0.35, 0.6]",5
9,4,677948.0,"(36, 20)",5,10,50,"[0, 10, 30, 50, 100]","[0, 0.3, 0.3, 0.35, 0.6]",5
9,5,739580.0000000001,"(32, 14)",5,10,50,"[0, 10, 30, 50, 100]","[0, 0.3, 0.3, 0.35, 0.6]",5
9,6,719036.0,"(37, 10)",5,10,50,"[0, 10, 30, 50, 100]","[0, 0.3, 0.3, 0.35, 0.6]",5
9,7,554684.0,"(37, 19)",5,10,50,"[0, 10, 30, 50, 100]","[0, 0.3, 0.3, 0.35, 0.6]",5
9,8,719036.0,"(37, 11)",5,10,50,"[0, 10, 30, 50, 100]","[0, 0.3, 0.3, 0.35, 0.6]",5
9,9,739580.0000000001,"(35, 10)",5,10,50,"[0, 10, 30, 50, 100]","[0, 0.3, 0.3, 0.35, 0.6]",5
10,0,760123.0,"(38, 18)",5,10,50,"[0, 10, 30, 50, 100]","[0, 0.3, 0.3, 0.35, 0.6]",5
10,1,821755.0000000001,"(12, 33)",5,10,50,"[0, 10, 30, 50, 100]","[0, 0.3, 0.3, 0.35, 0.6]",5
10,2,410875.00000000006,"(28, 35)",5,10,50,"[0, 10, 30, 50, 100]","[0, 0.3, 0.3, 0.35, 0.6]",5
10,3,821755.0000000001,"(40, 14)",5,10,50,"[0, 10, 30, 50, 100]","[0, 0.3, 0.3, 0.35, 0.6]",5
10,4,760123.0,"(36, 19)",5,10,50,"[0, 10, 30, 50, 100]","[0, 0.3, 0.3, 0.35, 0.6]",5
10,5,821755.0000000001,"(33, 14)",5,10,50,"[0, 10, 30, 50, 100]","[0, 0.3, 0.3, 0.35, 0.6]",5
10,6,801211.0,"(38, 10)",5,10,50,"[0, 10, 30, 50, 100]","[0, 0.3, 0.3, 0.35, 0.6]",5
10,7,636859.0,"(38, 19)",5,10,50,"[0, 10, 30, 50, 100]","[0, 0.3, 0.3, 0.35, 0.6]",5
10,8,801211.0,"(37, 12)",5,10,50,"[0, 10, 30, 50, 100]","[0, 0.3, 0.3, 0.35, 0.6]",5
10,9,821755.0000000001,"(36, 10)",5,10,50,"[0, 10, 30, 50, 100]","[0, 0.3, 0.3, 0.35, 0.6]",5
11,0,842298.0,"(37, 18)",5,10,50,"[0, 10, 30, 50, 100]","[0, 0.3, 0.3, 0.35, 0.6]",5
11,1,903930.0000000001,"(11, 33)",5,10,50,"[0, 10, 30, 50, 100]","[0, 0.3, 0.3, 0.35, 0.6]",5
11,2,451962.00000000006,"(28, 36)",5,10,50,"[0, 10, 30, 50, 100]","[0, 0.3, 0.3, 0.35, 0.6]",5
11,3,903930.0000000001,"(40, 15)",5,10,50,"[0, 10, 30, 50, 100]","[0, 0.3, 0.3, 0.35, 0.6]",5
11,4,842298.0,"(36, 20)",5,10,50,"[0, 10, 30, 50, 100]","[0, 0.3, 0.3, 0.35, 0.6]",5
11,5,903930.0000000001,"(33, 15)",5,10,50,"[0, 10, 30, 50, 100]","[0, 0.3, 0.3, 0.35, 0.6]",5
11,6,883386.0,"(38, 11)",5,10,50,"[0, 10, 30, 50, 100]","[0, 0.3, 0.3, 0.35, 0.6]",5
11,7,719034.0,"(37, 19)",5,10,50,"[0, 10, 30, 50, 100]","[0, 0.3, 0.3, 0.35, 0.6]",5
11,8,883386.0,"(36, 12)",5,10,50,"[0, 10, 30, 50, 100]","[0, 0.3, 0.3, 0.35, 0.6]",5
11,9,903930.0000000001,"(35, 10)",5,10,50,"[0, 10, 30, 50, 100]","[0, 0.3, 0.3, 0.35, 0.6]",5
12,0,924473.0,"(37, 17)",5,10,50,"[0, 10, 30, 50, 100]","[0, 0.3, 0.3, 0.35, 0.6]",5
12,1,986105.0000000001,"(12, 33)",5,10,50,"[0, 10, 30, 50, 100]","[0, 0.3, 0.3, 0.35, 0.6]",5
12,2,493049.00000000006,"(27, 36)",5,10,50,"[0, 10, 30, 50, 100]","[0, 0.3, 0.3, 0.35, 0.6]",5
12,3,986105.0000000001,"(40, 14)",5,10,50,"[0, 10, 30, 50, 100]","[0, 0.3, 0.3, 0.35, 0.6]",5
12,4,924473.0,"(35, 20)",5,10,50,"[0, 10, 30, 50, 100]","[0, 0.3, 0.3, 0.35, 0.6]",5
12,5,986105.0000000001,"(34, 15)",5,10,50,"[0, 10, 30, 50, 100]","[0, 0.3, 0.3, 0.35, 0.6]",5
12,6,965561.0,"(39, 11)",5,10,50,"[0, 10, 30, 50, 100]","[0, 0.3, 0.3, 0.35, 0.6]",5
12,7,801209.0,"(38, 19)",5,10,50,"[0, 10, 30, 50, 100]","[0, 0.3, 0.3, 0.35, 0.6]",5
12,8,965561.0,"(35, 12)",5,10,50,"[0, 10, 30, 50, 100]","[0, 0.3, 0.3, 0.35, 0.6]",5
12,9,986105.0000000001,"(36, 10)",5,10,50,"[0, 10, 30, 50, 100]","[0, 0.3, 0.3, 0.35, 0.6]",5
13,0,1006648.0,"(37, 18)",5,10,50,"[0, 10, 30, 50, 100]","[0, 0.3, 0.3, 0.35, 0.6]",5
13,1,1068280.0000000002,"(12, 34)",5,10,50,"[0, 10, 30, 50, 100]","[0, 0.3, 0.3, 0.35, 0.6]",5
13,2,534136.0000000001,"(28, 36)",5,10,50,"[0, 10, 30, 50, 100]","[0, 0.3, 0.3, 0.35, 0.6]",5
13,3,1068280.0000000002,"(40, 13)",5,10,50,"[0, 10, 30, 50, 100]","[0, 0.3, 0.3, 0.35, 0.6]",5
13,4,1006648.0,"(34, 20)",5,10,50,"[0, 10, 30, 50, 100]","[0, 0.3, 0.3, 0.35, 0.6]",5
13,5,1068280.0000000002,"(34, 16)",5,10,50,"[0, 10, 30, 50, 100]","[0, 0.3, 0.3, 0.35, 0.6]",5
13,6,1047736.0,"(38, 11)",5,10,50,"[0, 10, 30, 50, 100]","[0, 0.3, 0.3, 0.35, 0.6]",5
13,7,883384.0,"(37, 19)",5,10,50,"[0, 10, 30, 50, 100]","[0, 0.3, 0.3, 0.35, 0.6]",5
13,8,1047736.0,"(36, 12)",5,10,50,"[0, 10, 30, 50, 100]","[0, 0.3, 0.3, 0.35, 0.6]",5
13,9,1068280.0000000002,"(35, 10)",5,10,50,"[0, 10, 30, 50, 100]","[0, 0.3, 0.3, 0.35, 0.6]",5
14,0,1088823.0,"(36, 18)",5,10,50,"[0, 10, 30, 50, 100]","[0, 0.3, 0.3, 0.35, 0.6]",5
14,1,1150455.0000000002,"(12, 35)",5,10,50,"[0, 10, 30, 50, 100]","[0, 0.3, 0.3, 0.35, 0.6]",5
14,2,575223.0000000001,"(27, 36)",5,10,50,"[0, 10, 30, 50, 100]","[0, 0.3, 0.3, 0.35, 0.6]",5
14,3,1150455.0000000002,"(39, 13)",5,10,50,"[0, 10, 30, 50, 100]","[0, 0.3, 0.3, 0.35, 0.6]",5
14,4,1088823.0,"(34, 19)",5,10,50,"[0, 10, 30, 50, 100]","[0, 0.3, 0.3, 0.35, 0.6]",5
14,5,1150455.0000000002,"(33, 16)",5,10,50,"[0, 10, 30, 50, 100]","[0, 0.3, 0.3, 0.35, 0.6]",5
14,6,1129911.0,"(38, 10)",5,10,50,"[0, 10, 30, 50, 100]","[0, 0.3, 0.3, 0.35, 0.6]",5
14,7,965559.0,"(38, 19)",5,10,50,"[0, 10, 30, 50, 100]","[0, 0.3, 0.3, 0.35, 0.6]",5
14,8,1129911.0,"(36, 13)",5,10,50,"[0, 10, 30, 50, 100]","[0, 0.3, 0.3, 0.35, 0.6]",5
14,9,1150455.0000000002,"(35, 9)",5,10,50,"[0, 10, 30, 50, 100]","[0, 0.3, 0.3, 0.35, 0.6]",5
15,0,1170998.0,"(36, 17)",5,10,50,"[0, 10, 30, 50, 100]","[0, 0.3, 0.3, 0.35, 0.6]",5
15,1,1232630.0000000002,"(13, 35)",5,10,50,"[0, 10, 30, 50, 100]","[0, 0.3, 0.3, 0.35, 0.6]",5
15,2,616310.0000000001,"(28, 36)",5,10,50,"[0, 10, 30, 50, 100]","[0, 0.3, 0.3, 0.35, 0.6]",5
15,3,1232630.0000000002,"(39, 14)",5,10,50,"[0, 10, 30, 50, 100]","[0, 0.3, 0.3, 0.35, 0.6]",5
15,4,1170998.0,"(34, 20)",5,10,50,"[0, 10, 30, 50, 100]","[0, 0.3, 0.3, 0.35, 0.6]",5
15,5,1232630.0000000002,"(33, 15)",5,10,50,"[0, 10, 30, 50, 100]","[0, 0.3, 0.3, 0.35, 0.6]",5
15,6,1212086.0,"(37, 10)",5,10,50,"[0, 10, 30, 50, 100]","[0, 0.3, 0.3, 0.35, 0.6]",5
15,7,1047734.0,"(37, 19)",5,10,50,"[0, 10, 30, 50, 100]","[0, 0.3, 0.3, 0.35, 0.6]",5
15,8,1212086.0,"(36, 12)",5,10,50,"[0, 10, 30, 50, 100]","[0, 0.3, 0.3, 0.35, 0.6]",5
15,9,1232630.0000000002,"(36, 9)",5,10,50,"[0, 10, 30, 50, 100]","[0, 0.3, 0.3, 0.35, 0.6]",5
16,0,1253173.0,"(37, 17)",5,10,50,"[0, 10, 30, 50, 100]","[0, 0.3, 0.3, 0.35, 0.6]",5
16,1,1314805.0000000002,"(13, 34)",5,10,50,"[0, 10, 30, 50, 100]","[0, 0.3, 0.3, 0.35, 0.6]",5
16,2,657397.0000000001,"(28, 35)",5,10,50,"[0, 10, 30, 50, 100]","[0, 0.3, 0.3, 0.35, 0.6]",5
16,3,1314805.0000000002,"(40, 14)",5,10,50,"[0, 10, 30, 50, 100]","[0, 0.3, 0.3, 0.35, 0.6]",5
16,4,1253173.0,"(34, 19)",5,10,50,"[0, 10, 30, 50, 100]","[0, 0.3, 0.3, 0.35, 0.6]",5
16,5,1314805.0000000002,"(33, 16)",5,10,50,"[0, 10, 30, 50, 100]","[0, 0.3, 0.3, 0.35, 0.6]",5
16,6,1294261.0,"(36, 10)",5,10,50,"[0, 10, 30, 50, 100]","[0, 0.3, 0.3, 0.35, 0.6]",5
16,7,1129909.0,"(37, 18)",5,10,50,"[0, 10, 30, 50, 100]","[0, 0.3, 0.3, 0.35, 0.6]",5
16,8,1294261.0,"(36, 13)",5,10,50,"[0, 10, 30, 50, 100]","[0, 0.3, 0.3, 0.35, 0.6]",5
16,9,1314805.0000000002,"(35, 9)",5,10,50,"[0, 10, 30, 50, 100]","[0, 0.3, 0.3, 0.35, 0.6]",5
17,0,1335348.0,"(37, 18)",5,10,50,"[0, 10, 30, 50, 100]","[0, 0.3, 0.3, 0.35, 0.6]",5
17,1,1396980.0000000002,"(13, 35)",5,10,50,"[0, 10, 30, 50, 100]","[0, 0.3, 0.3, 0.35, 0.6]",5
17,2,698484.0000000001,"(28, 34)",5,10,50,"[0, 10, 30, 50, 100]","[0, 0.3, 0.3, 0.35, 0.6]",5
17,3,1396980.0000000002,"(40, 13)",5,10,50,"[0, 10, 30, 50, 100]","[0, 0.3, 0.3, 0.35, 0.6]",5
17,4,1335348.0,"(34, 20)",5,10,50,"[0, 10, 30, 50, 100]","[0, 0.3, 0.3, 0.35, 0.6]",5
17,5,1396980.0000000002,"(34, 16)",5,10,50,"[0, 10, 30, 50, 100]","[0, 0.3, 0.3, 0.35, 0.6]",5
17,6,1376436.0,"(36, 11)",5,10,50,"[0, 10, 30, 50, 100]","[0, 0.3, 0.3, 0.35, 0.6]",5
17,7,1212084.0,"(36, 18)",5,10,50,"[0, 10, 30, 50, 100]","[0, 0.3, 0.3, 0.35, 0.6]",5
17,8,1376436.0,"(36, 12)",5,10,50,"[0, 10, 30, 50, 100]","[0, 0.3, 0.3, 0.35, 0.6]",5
17,9,1396980.0000000002,"(34, 9)",5,10,50,"[0, 10, 30, 50, 100]","[0, 0.3, 0.3, 0.35, 0.6]",5
18,0,1417523.0,"(38, 18)",5,10,50,"[0, 10, 30, 50, 100]","[0, 0.3, 0.3, 0.35, 0.6]",5
18,1,1479155.0000000002,"(14, 35)",5,10,50,"[0, 10, 30, 50, 100]","[0, 0.3, 0.3, 0.35, 0.6]",5
18,2,739571.0000000001,"(27, 34)",5,10,50,"[0, 10, 30, 50, 100]","[0, 0.3, 0.3, 0.35, 0.6]",5
18,3,1479155.0000000002,"(39, 13)",5,10,50,"[0, 10, 30, 50, 100]","[0, 0.3, 0.3, 0.35, 0.6]",5
18,4,1417523.0,"(35, 20)",5,10,50,"[0, 10, 30, 50, 100]","[0, 0.3, 0.3, 0.35, 0.6]",5
18,5,1479155.0000000002,"(34, 17)",5,10,50,"[0, 10, 30, 50, 100]","[0, 0.3, 0.3, 0.35, 0.6]",5
18,6,1458611.0,"(37, 11)",5,10,50,"[0, 10, 30, 50, 100]","[0, 0.3, 0.3, 0.35, 0.6]",5
18,7,1294259.0,"(35, 18)",5,10,50,"[0, 10, 30, 50, 100]","[0, 0.3, 0.3, 0.35, 0.6]",5
18,8,1458611.0,"(36, 13)",5,10,50,"[0, 10, 30, 50, 100]","[0, 0.3, 0.3, 0.35, 0.6]",5
18,9,1479155.0000000002,"(34, 10)",5,10,50,"[0, 10, 30, 50, 100]","[0, 0.3, 0.3, 0.35, 0.6]",5
19,0,1499698.0,"(39, 18)",5,10,50,"[0, 10, 30, 50, 100]","[0, 0.3, 0.3, 0.35, 0.6]",5
19,1,1561330.0000000002,"(14, 36)",5,10,50,"[0, 10, 30, 50, 100]","[0, 0.3, 0.3, 0.35, 0.6]",5
19,2,780658.0000000001,"(26, 34)",5,10,50,"[0, 10, 30, 50, 100]","[0, 0.3, 0.3, 0.35, 0.6]",5
19,3,1561330.0000000002,"(38, 13)",5,10,50,"[0, 10, 30, 50, 100]","[0, 0.3, 0.3, 0.35, 0.6]",5
19,4,1499698.0,"(35, 19)",5,10,50,"[0, 10, 30, 50, 100]","[0, 0.3, 0.3, 0.35, 0.6]",5
19,5,1561330.0000000002,"(34, 16)",5,10,50,"[0, 10, 30, 50, 100]","[0, 0.3, 0.3, 0.35, 0.6]",5
19,6,1540786.0,"(36, 11)",5,10,50,"[0, 10, 30, 50, 100]","[0, 0.3, 0.3, 0.35, 0.6]",5
19,7,1376434.0,"(35, 17)",5,10,50,"[0, 10, 30, 50, 100]","[0, 0.3, 0.3, 0.35, 0.6]",5
19,8,1540786.0,"(36, 14)",5,10,50,"[0, 10, 30, 50, 100]","[0, 0.3, 0.3, 0.35, 0.6]",5
19,9,1561330.0000000002,"(34, 9)",5,10,50,"[0, 10, 30, 50, 100]","[0, 0.3, 0.3, 0.35, 0.6]",5
20,0,1581873.0,"(38, 18)",5,10,50,"[0, 10, 30, 50, 100]","[0, 0.3, 0.3, 0.35, 0.6]",5
20,1,1643505.0000000002,"(14, 35)",5,10,50,"[0, 10, 30, 50, 100]","[0, 0.3, 0.3, 0.35, 0.6]",5
20,2,842289.0000000001,"(21, 34)",5,10,50,"[0, 10, 30, 50, 100]","[0, 0.3, 0.3, 0.35, 0.6]",5
20,3,1643505.0000000002,"(38, 12)",5,10,50,"[0, 10, 30, 50, 100]","[0, 0.3, 0.3, 0.35, 0.6]",5
20,4,1581873.0,"(35, 18)",5,10,50,"[0, 10, 30, 50, 100]","[0, 0.3, 0.3, 0.35, 0.6]",5
20,5,1643505.0000000002,"(33, 16)",5,10,50,"[0, 10, 30, 50, 100]","[0, 0.3, 0.3, 0.35, 0.6]",5
20,6,1622961.0,"(36, 10)",5,10,50,"[0, 10, 30, 50, 100]","[0, 0.3, 0.3, 0.35, 0.6]",5
20,7,1458609.0,"(35, 16)",5,10,50,"[0, 10, 30, 50, 100]","[0, 0.3, 0.3, 0.35, 0.6]",5
20,8,1622961.0,"(37, 14)",5,10,50,"[0, 10, 30, 50, 100]","[0, 0.3, 0.3, 0.35, 0.6]",5
20,9,1643505.0000000002,"(35, 9)",5,10,50,"[0, 10, 30, 50, 100]","[0, 0.3, 0.3, 0.35, 0.6]",5
21,0,1664048.0,"(38, 19)",5,10,50,"[0, 10, 30, 50, 100]","[0, 0.3, 0.3, 0.35, 0.6]",5
21,1,1725680.0000000002,"(14, 36)",5,10,50,"[0, 10, 30, 50, 100]","[0, 0.3, 0.3, 0.35, 0.6]",5
21,2,924464.0000000001,"(16, 37)",5,10,50,"[0, 10, 30, 50, 100]","[0, 0.3, 0.3, 0.35, 0.6]",5
21,3,1725680.0000000002,"(38, 11)",5,10,50,"[0, 10, 30, 50, 100]","[0, 0.3, 0.3, 0.35, 0.6]",5
21,4,1664048.0,"(36, 18)",5,10,50,"[0, 10, 30, 50, 100]","[0, 0.3, 0.3, 0.35, 0.6]",5
21,5,1725680.0000000002,"(34, 16)",5,10,50,"[0, 10, 30, 50, 100]","[0, 0.3, 0.3, 0.35, 0.6]",5
21,6,1705136.0,"(36, 11)",5,10,50,"[0, 10, 30, 50, 100]","[0, 0.3, 0.3, 0.35, 0.6]",5
21,7,1540784.0,"(35, 17)",5,10,50,"[0, 10, 30, 50, 100]","[0, 0.3, 0.3, 0.35, 0.6]",5
21,8,1705136.0,"(38, 14)",5,10,50,"[0, 10, 30, 50, 100]","[0, 0.3, 0.3, 0.35, 0.6]",5
21,9,1725680.0000000002,"(36, 9)",5,10,50,"[0, 10, 30, 50, 100]","[0, 0.3, 0.3, 0.35, 0.6]",5
22,0,1746223.0,"(37, 19)",5,10,50,"[0, 10, 30, 50, 100]","[0, 0.3, 0.3, 0.35, 0.6]",5
22,1,1807855.0000000002,"(13, 36)",5,10,50,"[0, 10, 30, 50, 100]","[0, 0.3, 0.3, 0.35, 0.6]",5
22,2,1006639.0000000001,"(15, 37)",5,10,50,"[0, 10, 30, 50, 100]","[0, 0.3, 0.3, 0.35, 0.6]",5
22,3,1807855.0000000002,"(38, 12)",5,10,50,"[0, 10, 30, 50, 100]","[0, 0.3, 0.3, 0.35, 0.6]",5
22,4,1746223.0,"(36, 19)",5,10,50,"[0, 10, 30, 50, 100]","[0, 0.3, 0.3, 0.35, 0.6]",5
22,5,1807855.0000000002,"(34, 15)",5,10,50,"[0, 10, 30, 50, 100]","[0, 0.3, 0.3, 0.35, 0.6]",5
22,6,1787311.0,"(36, 12)",5,10,50,"[0, 10, 30, 50, 100]","[0, 0.3, 0.3, 0.35, 0.6]",5
22,7,1622959.0,"(35, 16)",5,10,50,"[0, 10, 30, 50, 100]","[0, 0.3, 0.3, 0.35, 0.6]",5
22,8,1787311.0,"(37, 14)",5,10,50,"[0, 10, 30, 50, 100]","[0, 0.3, 0.3, 0.35, 0.6]",5
22,9,1807855.0000000002,"(35, 9)",5,10,50,"[0, 10, 30, 50, 100]","[0, 0.3, 0.3, 0.35, 0.6]",5
23,0,1828398.0,"(38, 19)",5,10,50,"[0, 10, 30, 50, 100]","[0, 0.3, 0.3, 0.35, 0.6]",5
23,1,1890030.0000000002,"(14, 36)",5,10,50,"[0, 10, 30, 50, 100]","[0, 0.3, 0.3, 0.35, 0.6]",5
23,2,1088814.0000000002,"(14, 37)",5,10,50,"[0, 10, 30, 50, 100]","[0, 0.3, 0.3, 0.35, 0.6]",5
23,3,1890030.0000000002,"(37, 12)",5,10,50,"[0, 10, 30, 50, 100]","[0, 0.3, 0.3, 0.35, 0.6]",5
23,4,1828398.0,"(37, 19)",5,10,50,"[0, 10, 30, 50, 100]","[0, 0.3, 0.3, 0.35, 0.6]",5
23,5,1890030.0000000002,"(33, 15)",5,10,50,"[0, 10, 30, 50, 100]","[0, 0.3, 0.3, 0.35, 0.6]",5
23,6,1869486.0,"(36, 11)",5,10,50,"[0, 10, 30, 50, 100]","[0, 0.3, 0.3, 0.35, 0.6]",5
23,7,1705134.0,"(35, 17)",5,10,50,"[0, 10, 30, 50, 100]","[0, 0.3, 0.3, 0.35, 0.6]",5
23,8,1869486.0,"(38, 14)",5,10,50,"[0, 10, 30, 50, 100]","[0, 0.3, 0.3, 0.35, 0.6]",5
23,9,1890030.0000000002,"(34, 9)",5,10,50,"[0, 10, 30, 50, 100]","[0, 0.3, 0.3, 0.35, 0.6]",5
24,0,1910573.0,"(38, 18)",5,10,50,"[0, 10, 30, 50, 100]","[0, 0.3, 0.3, 0.35, 0.6]",5
24,1,1972205.0000000002,"(14, 37)",5,10,50,"[0, 10, 30, 50, 100]","[0, 0.3, 0.3, 0.35, 0.6]",5
24,2,1170989.0000000002,"(13, 37)",5,10,50,"[0, 10, 30, 50, 100]","[0, 0.3, 0.3, 0.35, 0.6]",5
24,3,1972205.0000000002,"(37, 11)",5,10,50,"[0, 10, 30, 50, 100]","[0, 0.3, 0.3, 0.35, 0.6]",5
24,4,1910573.0,"(36, 19)",5,10,50,"[0, 10, 30, 50, 100]","[0, 0.3, 0.3, 0.35, 0.6]",5
24,5,1972205.0000000002,"(32, 15)",5,10,50,"[0, 10, 30, 50, 100]","[0, 0.3, 0.3, 0.35, 0.6]",5
24,6,1951661.0,"(36, 10)",5,10,50,"[0, 10, 30, 50, 100]","[0, 0.3, 0.3, 0.35, 0.6]",5
24,7,1787309.0,"(36, 17)",5,10,50,"[0, 10, 30, 50, 100]","[0, 0.3, 0.3, 0.35, 0.6]",5
24,8,1951661.0,"(38, 15)",5,10,50,"[0, 10, 30, 50, 100]","[0, 0.3, 0.3, 0.35, 0.6]",5
24,9,1972205.0000000002,"(35, 9)",5,10,50,"[0, 10, 30, 50, 100]","[0, 0.3, 0.3, 0.35, 0.6]",5
25,0,1992748.0,"(37, 18)",5,10,50,"[0, 10, 30, 50, 100]","[0, 0.3, 0.3, 0.35, 0.6]",5
25,1,2054380.0000000002,"(14, 36)",5,10,50,"[0, 10, 30, 50, 100]","[0, 0.3, 0.3, 0.35, 0.6]",5
25,2,1253164.0000000002,"(14, 37)",5,10,50,"[0, 10, 30, 50, 100]","[0, 0.3, 0.3, 0.35, 0.6]",5
25,3,2054380.0000000002,"(36, 11)",5,10,50,"[0, 10, 30, 50, 100]","[0, 0.3, 0.3, 0.35, 0.6]",5
25,4,1992748.0,"(36, 20)",5,10,50,"[0, 10, 30, 50, 100]","[0, 0.3, 0.3, 0.35, 0.6]",5
25,5,2054380.0000000002,"(31, 15)",5,10,50,"[0, 10, 30, 50, 100]","[0, 0.3, 0.3, 0.35, 0.6]",5
25,6,2033836.0,"(37, 10)",5,10,50,"[0, 10, 30, 50, 100]","[0, 0.3, 0.3, 0.35, 0.6]",5
25,7,1869484.0,"(36, 16)",5,10,50,"[0, 10, 30, 50, 100]","[0, 0.3, 0.3, 0.35, 0.6]",5
25,8,2033836.0,"(39, 15)",5,10,50,"[0, 10, 30, 50, 100]","[0, 0.3, 0.3, 0.35, 0.6]",5
25,9,2054380.0000000002,"(36, 9)",5,10,50,"[0, 10, 30, 50, 100]","[0, 0.3, 0.3, 0.35, 0.6]",5
26,0,2074923.0,"(37, 19)",5,10,50,"[0, 10, 30, 50, 100]","[0, 0.3, 0.3, 0.35, 0.6]",5
26,1,2136555.0000000005,"(13, 36)",5,10,50,"[0, 10, 30, 50, 100]","[0, 0.3, 0.3, 0.35, 0.6]",5
26,2,1335339.0000000002,"(14, 36)",5,10,50,"[0, 10, 30, 50, 100]","[0, 0.3, 0.3, 0.35, 0.6]",5
26,3,2136555.0000000005,"(36, 12)",5,10,50,"[0, 10, 30, 50, 100]","[0, 0.3, 0.3, 0.35, 0.6]",5
26,4,2074923.0,"(36, 19)",5,10,50,"[0, 10, 30, 50, 100]","[0, 0.3, 0.3, 0.35, 0.6]",5
26,5,2136555.0000000005,"(31, 14)",5,10,50,"[0, 10, 30, 50, 100]","[0, 0.3, 0.3, 0.35, 0.6]",5
26,6,2116011.0,"(38, 10)",5,10,50,"[0, 10, 30, 50, 100]","[0, 0.3, 0.3, 0.35, 0.6]",5
26,7,1951659.0,"(37, 16)",5,10,50,"[0, 10, 30, 50, 100]","[0, 0.3, 0.3, 0.35, 0.6]",5
26,8,2116011.0,"(40, 15)",5,10,50,"[0, 10, 30, 50, 100]","[0, 0.3, 0.3, 0.35, 0.6]",5
26,9,2136555.0000000005,"(36, 10)",5,10,50,"[0, 10, 30, 50, 100]","[0, 0.3, 0.3, 0.35, 0.6]",5
27,0,2157098.0,"(38, 19)",5,10,50,"[0, 10, 30, 50, 100]","[0, 0.3, 0.3, 0.35, 0.6]",5
27,1,2218730.0000000005,"(12, 36)",5,10,50,"[0, 10, 30, 50, 100]","[0, 0.3, 0.3, 0.35, 0.6]",5
27,2,1417514.0000000002,"(14, 35)",5,10,50,"[0, 10, 30, 50, 100]","[0, 0.3, 0.3, 0.35, 0.6]",5
27,3,2218730.0000000005,"(35, 12)",5,10,50,"[0, 10, 30, 50, 100]","[0, 0.3, 0.3, 0.35, 0.6]",5
27,4,2157098.0,"(35, 19)",5,10,50,"[0, 10, 30, 50, 100]","[0, 0.3, 0.3, 0.35, 0.6]",5
27,5,2218730.0000000005,"(32, 14)",5,10,50,"[0, 10, 30, 50, 100]","[0, 0.3, 0.3, 0.35, 0.6]",5
27,6,2198186.0,"(37, 10)",5,10,50,"[0, 10, 30, 50, 100]","[0, 0.3, 0.3, 0.35, 0.6]",5
27,7,2033834.0,"(36, 16)",5,10,50,"[0, 10, 30, 50, 100]","[0, 0.3, 0.3, 0.35, 0.6]",5
27,8,2198186.0,"(40, 16)",5,10,50,"[0, 10, 30, 50, 100]","[0, 0.3, 0.3, 0.35, 0.6]",5
27,9,2218730.0000000005,"(36, 11)",5,10,50,"[0, 10, 30, 50, 100]","[0, 0.3, 0.3, 0.35, 0.6]",5
28,0,2239273.0,"(37, 19)",5,10,50,"[0, 10, 30, 50, 100]","[0, 0.3, 0.3, 0.35, 0.6]",5
28,1,2300905.0000000005,"(13, 36)",5,10,50,"[0, 10, 30, 50, 100]","[0, 0.3, 0.3, 0.35, 0.6]",5
28,2,1499689.0000000002,"(15, 35)",5,10,50,"[0, 10, 30, 50, 100]","[0, 0.3, 0.3, 0.35, 0.6]",5
28,3,2300905.0000000005,"(36, 12)",5,10,50,"[0, 10, 30, 50, 100]","[0, 0.3, 0.3, 0.35, 0.6]",5
28,4,2239273.0,"(35, 18)",5,10,50,"[0, 10, 30, 50, 100]","[0, 0.3, 0.3, 0.35, 0.6]",5
28,5,2300905.0000000005,"(31, 14)",5,10,50,"[0, 10, 30, 50, 100]","[0, 0.3, 0.3, 0.35, 0.6]",5
28,6,2280361.0,"(38, 10)",5,10,50,"[0, 10, 30, 50, 100]","[0, 0.3, 0.3, 0.35, 0.6]",5
28,7,2116009.0,"(36, 17)",5,10,50,"[0, 10, 30, 50, 100]","[0, 0.3, 0.3, 0.35, 0.6]",5
28,8,2280361.0,"(40, 15)",5,10,50,"[0, 10, 30, 50, 100]","[0, 0.3, 0.3, 0.35, 0.6]",5
28,9,2300905.0000000005,"(37, 11)",5,10,50,"[0, 10, 30, 50, 100]","[0, 0.3, 0.3, 0.35, 0.6]",5
29,0,2321448.0,"(36, 19)",5,10,50,"[0, 10, 30, 50, 100]","[0, 0.3, 0.3, 0.35, 0.6]",5
29,1,2383080.0000000005,"(12, 36)",5,10,50,"[0, 10, 30, 50, 100]","[0, 0.3, 0.3, 0.35, 0.6]",5
29,2,1581864.0000000002,"(14, 35)",5,10,50,"[0, 10, 30, 50, 100]","[0, 0.3, 0.3, 0.35, 0.6]",5
29,3,2383080.0000000005,"(37, 12)",5,10,50,"[0, 10, 30, 50, 100]","[0, 0.3, 0.3, 0.35, 0.6]",5
29,4,2321448.0,"(35, 19)",5,10,50,"[0, 10, 30, 50, 100]","[0, 0.3, 0.3, 0.35, 0.6]",5
29,5,2383080.0000000005,"(31, 13)",5,10,50,"[0, 10, 30, 50, 100]","[0, 0.3, 0.3, 0.35, 0.6]",5
29,6,2362536.0,"(37, 10)",5,10,50,"[0, 10, 30, 50, 100]","[0, 0.3, 0.3, 0.35, 0.6]",5
29,7,2198184.0,"(35, 17)",5,10,50,"[0, 10, 30, 50, 100]","[0, 0.3, 0.3, 0.35, 0.6]",5
29,8,2362536.0,"(39, 15)",5,10,50,"[0, 10, 30, 50, 100]","[0, 0.3, 0.3, 0.35, 0.6]",5
29,9,2383080.0000000005,"(38, 11)",5,10,50,"[0, 10, 30, 50, 100]","[0, 0.3, 0.3, 0.35, 0.6]",5
30,0,2403623.0,"(35, 19)",5,10,50,"[0, 10, 30, 50, 100]","[0, 0.3, 0.3, 0.35, 0.6]",5
30,1,2465255.0000000005,"(12, 35)",5,10,50,"[0, 10, 30, 50, 100]","[0, 0.3, 0.3, 0.35, 0.6]",5
30,2,1664039.0000000002,"(14, 36)",5,10,50,"[0, 10, 30, 50, 100]","[0, 0.3, 0.3, 0.35, 0.6]",5
30,3,2465255.0000000005,"(37, 11)",5,10,50,"[0, 10, 30, 50, 100]","[0, 0.3, 0.3, 0.35, 0.6]",5
30,4,2403623.0,"(35, 18)",5,10,50,"[0, 10, 30, 50, 100]","[0, 0.3, 0.3, 0.35, 0.6]",5
30,5,2465255.0000000005,"(31, 14)",5,10,50,"[0, 10, 30, 50, 100]","[0, 0.3, 0.3, 0.35, 0.6]",5
30,6,2444711.0,"(36, 10)",5,10,50,"[0, 10, 30, 50, 100]","[0, 0.3, 0.3, 0.35, 0.6]",5
30,7,2280359.0,"(35, 16)",5,10,50,"[0, 10, 30, 50, 100]","[0, 0.3, 0.3, 0.35, 0.6]",5
30,8,2444711.0,"(40, 15)",5,10,50,"[0, 10, 30, 50, 100]","[0, 0.3, 0.3, 0.35, 0.6]",5
30,9,2465255.0000000005,"(38, 10)",5,10,50,"[0, 10, 30, 50, 100]","[0, 0.3, 0.3, 0.35, 0.6]",5
31,0,2485798.0,"(34, 19)",5,10,50,"[0, 10, 30, 50, 100]","[0, 0.3, 0.3, 0.35, 0.6]",5
31,1,2547430.0000000005,"(11, 35)",5,10,50,"[0, 10, 30, 50, 100]","[0, 0.3, 0.3, 0.35, 0.6]",5
31,2,1746214.0000000002,"(13, 36)",5,10,50,"[0, 10, 30, 50, 100]","[0, 0.3, 0.3, 0.35, 0.6]",5
31,3,2547430.0000000005,"(37, 12)",5,10,50,"[0, 10, 30, 50, 100]","[0, 0.3, 0.3, 0.35, 0.6]",5
31,4,2485798.0,"(36, 18)",5,10,50,"[0, 10, 30, 50, 100]","[0, 0.3, 0.3, 0.35, 0.6]",5
31,5,2547430.0000000005,"(31, 15)",5,10,50,"[0, 10, 30, 50, 100]","[0, 0.3, 0.3, 0.35, 0.6]",5
31,6,2526886.0,"(36, 11)",5,10,50,"[0, 10, 30, 50, 100]","[0, 0.3, 0.3, 0.35, 0.6]",5
31,7,2362534.0,"(34, 16)",5,10,50,"[0, 10, 30, 50, 100]","[0, 0.3, 0.3, 0.35, 0.6]",5
31,8,2526886.0,"(40, 14)",5,10,50,"[0, 10, 30, 50, 100]","[0, 0.3, 0.3, 0.35, 0.6]",5
31,9,2547430.0000000005,"(37, 10)",5,10,50,"[0, 10, 30, 50, 100]","[0, 0.3, 0.3, 0.35, 0.6]",5
32,0,2567973.0,"(33, 19)",5,10,50,"[0, 10, 30, 50, 100]","[0, 0.3, 0.3, 0.35, 0.6]",5
32,1,2629605.0000000005,"(11, 34)",5,10,50,"[0, 10, 30, 50, 100]","[0, 0.3, 0.3, 0.35, 0.6]",5
32,2,1828389.0000000002,"(13, 35)",5,10,50,"[0, 10, 30, 50, 100]","[0, 0.3, 0.3, 0.35, 0.6]",5
32,3,2629605.0000000005,"(38, 12)",5,10,50,"[0, 10, 30, 50, 100]","[0, 0.3, 0.3, 0.35, 0.6]",5
32,4,2567973.0,"(35, 18)",5,10,50,"[0, 10, 30, 50, 100]","[0, 0.3, 0.3, 0.35, 0.6]",5
32,5,2629605.0000000005,"(31, 16)",5,10,50,"[0, 10, 30, 50, 100]","[0, 0.3, 0.3, 0.35, 0.6]",5
32,6,2609061.0,"(36, 12)",5,10,50,"[0, 10, 30, 50, 100]","[0, 0.3, 0.3, 0.35, 0.6]",5
32,7,2444709.0,"(34, 17)",5,10,50,"[0, 10, 30, 50, 100]","[0, 0.3, 0.3, 0.35, 0.6]",5
32,8,2609061.0,"(39, 14)",5,10,50,"[0, 10, 30, 50, 100]","[0, 0.3, 0.3, 0.35, 0.6]",5
32,9,2629605.0000000005,"(37, 11)",5,10,50,"[0, 10, 30, 50, 100]","[0, 0.3, 0.3, 0.35, 0.6]",5
33,0,2650148.0,"(33, 18)",5,10,50,"[0, 10, 30, 50, 100]","[0, 0.3, 0.3, 0.35, 0.6]",5
33,1,2711780.0000000005,"(10, 34)",5,10,50,"[0, 10, 30, 50, 100]","[0, 0.3, 0.3, 0.35, 0.6]",5
33,2,1910564.0000000002,"(14, 35)",5,10,50,"[0, 10, 30, 50, 100]","[0, 0.3, 0.3, 0.35, 0.6]",5
33,3,2711780.0000000005,"(39, 12)",5,10,50,"[0, 10, 30, 50, 100]","[0, 0.3, 0.3, 0.35, 0.6]",5
33,4,2650148.0,"(35, 17)",5,10,50,"[0, 10, 30, 50, 100]","[0, 0.3, 0.3, 0.35, 0.6]",5
33,5,2711780.0000000005,"(31, 15)",5,10,50,"[0, 10, 30, 50, 100]","[0, 0.3, 0.3, 0.35, 0.6]",5
33,6,2691236.0,"(36, 13)",5,10,50,"[0, 10, 30, 50, 100]","[0, 0.3, 0.3, 0.35, 0.6]",5
33,7,2526884.0,"(34, 16)",5,10,50,"[0, 10, 30, 50, 100]","[0, 0.3, 0.3, 0.35, 0.6]",5
33,8,2691236.0,"(39, 15)",5,10,50,"[0, 10, 30, 50, 100]","[0, 0.3, 0.3, 0.35, 0.6]",5
33,9,2711780.0000000005,"(37, 12)",5,10,50,"[0, 10, 30, 50, 100]","[0, 0.3, 0.3, 0.35, 0.6]",5
34,0,2732323.0,"(33, 19)",5,10,50,"[0, 10, 30, 50, 100]","[0, 0.3, 0.3, 0.35, 0.6]",5
34,1,2793955.0000000005,"(10, 35)",5,10,50,"[0, 10, 30, 50, 100]","[0, 0.3, 0.3, 0.35, 0.6]",5
34,2,1992739.0000000002,"(15, 35)",5,10,50,"[0, 10, 30, 50, 100]","[0, 0.3, 0.3, 0.35, 0.6]",5
34,3,2793955.0000000005,"(39, 11)",5,10,50,"[0, 10, 30, 50, 100]","[0, 0.3, 0.3, 0.35, 0.6]",5
34,5,2793955.0000000005,"(32, 15)",5,10,50,"[0, 10, 30, 50, 100]","[0, 0.3, 0.3, 0.35, 0.6]",5
34,6,2773411.0,"(36, 12)",5,10,50,"[0, 10, 30, 50, 100]","[0, 0.3, 0.3, 0.35, 0.6]",5
34,7,2609059.0,"(34, 15)",5,10,50,"[0, 10, 30, 50, 100]","[0, 0.3, 0.3, 0.35, 0.6]",5
34,8,2773411.0,"(40, 15)",5,10,50,"[0, 10, 30, 50, 100]","[0, 0.3, 0.3, 0.35, 0.6]",5
34,9,2793955.0000000005,"(37, 11)",5,10,50,"[0, 10, 30, 50, 100]","[0, 0.3, 0.3, 0.35, 0.6]",5
34,4-2,5.0,"(28, 15)",5,10,50,"[0, 10, 30, 50, 100]","[0, 0.3, 0.3, 0.35, 0.6]",5
35,0,2814498.0,"(33, 20)",5,10,50,"[0, 10, 30, 50, 100]","[0, 0.3, 0.3, 0.35, 0.6]",5
35,1,2876130.0000000005,"(11, 35)",5,10,50,"[0, 10, 30, 50, 100]","[0, 0.3, 0.3, 0.35, 0.6]",5
35,2,2074914.0000000002,"(14, 35)",5,10,50,"[0, 10, 30, 50, 100]","[0, 0.3, 0.3, 0.35, 0.6]",5
35,3,2876130.0000000005,"(38, 11)",5,10,50,"[0, 10, 30, 50, 100]","[0, 0.3, 0.3, 0.35, 0.6]",5
35,5,2876130.0000000005,"(32, 16)",5,10,50,"[0, 10, 30, 50, 100]","[0, 0.3, 0.3, 0.35, 0.6]",5
35,6,2855586.0,"(36, 13)",5,10,50,"[0, 10, 30, 50, 100]","[0, 0.3, 0.3, 0.35, 0.6]",5
35,7,2691234.0,"(34, 14)",5,10,50,"[0, 10, 30, 50, 100]","[0, 0.3, 0.3, 0.35, 0.6]",5
35,8,2855586.0,"(40, 16)",5,10,50,"[0, 10, 30, 50, 100]","[0, 0.3, 0.3, 0.35, 0.6]",5
35,9,2876130.0000000005,"(37, 12)",5,10,50,"[0, 10, 30, 50, 100]","[0, 0.3, 0.3, 0.35, 0.6]",5
35,4-2,82180.00000000001,"(29, 15)",5,10,50,"[0, 10, 30, 50, 100]","[0, 0.3, 0.3, 0.35, 0.6]",5
36,0,2896673.0,"(34, 20)",5,10,50,"[0, 10, 30, 50, 100]","[0, 0.3, 0.3, 0.35, 0.6]",5
36,1,2958305.0000000005,"(10, 35)",5,10,50,"[0, 10, 30, 50, 100]","[0, 0.3, 0.3, 0.35, 0.6]",5
36,2,2157089.0000000005,"(14, 36)",5,10,50,"[0, 10, 30, 50, 100]","[0, 0.3, 0.3, 0.35, 0.6]",5
36,3,2958305.0000000005,"(39, 11)",5,10,50,"[0, 10, 30, 50, 100]","[0, 0.3, 0.3, 0.35, 0.6]",5
36,5,2958305.0000000005,"(32, 15)",5,10,50,"[0, 10, 30, 50, 100]","[0, 0.3, 0.3, 0.35, 0.6]",5
36,6,2937761.0,"(35, 13)",5,10,50,"[0, 10, 30, 50, 100]","[0, 0.3, 0.3, 0.35, 0.6]",5
36,7,2773409.0,"(33, 14)",5,10,50,"[0, 10, 30, 50, 100]","[0, 0.3, 0.3, 0.35, 0.6]",5
36,8,2937761.0,"(40, 15)",5,10,50,"[0, 10, 30, 50, 100]","[0, 0.3, 0.3, 0.35, 0.6]",5
36,9,2958305.0000000005,"(37, 13)",5,10,50,"[0, 10, 30, 50, 100]","[0, 0.3, 0.3, 0.35, 0.6]",5
36,4-2,164355.00000000003,"(29, 14)",5,10,50,"[0, 10, 30, 50, 100]","[0, 0.3, 0.3, 0.35, 0.6]",5
37,0,2978848.0,"(33, 20)",5,10,50,"[0, 10, 30, 50, 100]","[0, 0.3, 0.3, 0.35, 0.6]",5
37,1,3040480.0000000005,"(9, 35)",5,10,50,"[0, 10, 30, 50, 100]","[0, 0.3, 0.3, 0.35, 0.6]",5
37,2,2239264.0000000005,"(14, 37)",5,10,50,"[0, 10, 30, 50, 100]","[0, 0.3, 0.3, 0.35, 0.6]",5
37,3,3040480.0000000005,"(39, 12)",5,10,50,"[0, 10, 30, 50, 100]","[0, 0.3, 0.3, 0.35, 0.6]",5
37,5,3040480.0000000005,"(33, 15)",5,10,50,"[0, 10, 30, 50, 100]","[0, 0.3, 0.3, 0.35, 0.6]",5
37,6,3019936.0,"(35, 14)",5,10,50,"[0, 10, 30, 50, 100]","[0, 0.3, 0.3, 0.35, 0.6]",5
37,7,2855584.0,"(34, 14)",5,10,50,"[0, 10, 30, 50, 100]","[0, 0.3, 0.3, 0.35, 0.6]",5
37,8,3019936.0,"(40, 14)",5,10,50,"[0, 10, 30, 50, 100]","[0, 0.3, 0.3, 0.35, 0.6]",5
37,9,3040480.0000000005,"(37, 12)",5,10,50,"[0, 10, 30, 50, 100]","[0, 0.3, 0.3, 0.35, 0.6]",5
37,4-2,246530.00000000006,"(29, 13)",5,10,50,"[0, 10, 30, 50, 100]","[0, 0.3, 0.3, 0.35, 0.6]",5
38,0,3061023.0,"(34, 20)",5,10,50,"[0, 10, 30, 50, 100]","[0, 0.3, 0.3, 0.35, 0.6]",5
38,1,3122655.0000000005,"(8, 35)",5,10,50,"[0, 10, 30, 50, 100]","[0, 0.3, 0.3, 0.35, 0.6]",5
38,2,2321439.0000000005,"(14, 38)",5,10,50,"[0, 10, 30, 50, 100]","[0, 0.3, 0.3, 0.35, 0.6]",5
38,3,3122655.0000000005,"(38, 12)",5,10,50,"[0, 10, 30, 50, 100]","[0, 0.3, 0.3, 0.35, 0.6]",5
38,5,3122655.0000000005,"(33, 14)",5,10,50,"[0, 10, 30, 50, 100]","[0, 0.3, 0.3, 0.35, 0.6]",5
38,6,3102111.0,"(35, 15)",5,10,50,"[0, 10, 30, 50, 100]","[0, 0.3, 0.3, 0.35, 0.6]",5
38,7,2937759.0,"(34, 15)",5,10,50,"[0, 10, 30, 50, 100]","[0, 0.3, 0.3, 0.35, 0.6]",5
38,8,3102111.0,"(40, 15)",5,10,50,"[0, 10, 30, 50, 100]","[0, 0.3, 0.3, 0.35, 0.6]",5
38,9,3122655.0000000005,"(37, 11)",5,10,50,"[0, 10, 30, 50, 100]","[0, 0.3, 0.3, 0.35, 0.6]",5
38,4-2,328705.00000000006,"(29, 14)",5,10,50,"[0, 10, 30, 50, 100]","[0, 0.3, 0.3, 0.35, 0.6]",5
39,0,3143198.0,"(33, 20)",5,10,50,"[0, 10, 30, 50, 100]","[0, 0.3, 0.3, 0.35, 0.6]",5
39,1,3204830.0000000005,"(8, 36)",5,10,50,"[0, 10, 30, 50, 100]","[0, 0.3, 0.3, 0.35, 0.6]",5
39,2,2403614.0000000005,"(15, 38)",5,10,50,"[0, 10, 30, 50, 100]","[0, 0.3, 0.3, 0.35, 0.6]",5
39,3,3204830.0000000005,"(38, 11)",5,10,50,"[0, 10, 30, 50, 100]","[0, 0.3, 0.3, 0.35, 0.6]",5
39,5,3204830.0000000005,"(34, 14)",5,10,50,"[0, 10, 30, 50, 100]","[0, 0.3, 0.3, 0.35, 0.6]",5
39,6,3184286.0,"(35, 14)",5,10,50,"[0, 10, 30, 50, 100]","[0, 0.3, 0.3, 0.35, 0.6]",5
39,7,3019934.0,"(33, 15)",5,10,50,"[0, 10, 30, 50, 100]","[0, 0.3, 0.3, 0.35, 0.6]",5
39,8,3184286.0,"(39, 15)",5,10,50,"[0, 10, 30, 50, 100]","[0, 0.3, 0.3, 0.35, 0.6]",5
39,9,3204830.0000000005,"(37, 12)",5,10,50,"[0, 10, 30, 50, 100]","[0, 0.3, 0.3, 0.35, 0.6]",5
39,4-2,410880.00000000006,"(30, 14)",5,10,50,"[0, 10, 30, 50, 100]","[0, 0.3, 0.3, 0.35, 0.6]",5
40,0,3225373.0,"(34, 20)",5,10,50,"[0, 10, 30, 50, 100]","[0, 0.3, 0.3, 0.35, 0.6]",5
40,1,3287005.0000000005,"(8, 35)",5,10,50,"[0, 10, 30, 50, 100]","[0, 0.3, 0.3, 0.35, 0.6]",5
40,2,2485789.0000000005,"(15, 37)",5,10,50,"[0, 10, 30, 50, 100]","[0, 0.3, 0.3, 0.35, 0.6]",5
40,3,3287005.0000000005,"(39, 11)",5,10,50,"[0, 10, 30, 50, 100]","[0, 0.3, 0.3, 0.35, 0.6]",5
40,5,3287005.0000000005,"(34, 13)",5,10,50,"[0, 10, 30, 50, 100]","[0, 0.3, 0.3, 0.35, 0.6]",5
40,6,3266461.0,"(35, 13)",5,10,50,"[0, 10, 30, 50, 100]","[0, 0.3, 0.3, 0.35, 0.6]",5
40,7,3102109.0,"(33, 14)",5,10,50,"[0, 10, 30, 50, 100]","[0, 0.3, 0.3, 0.35, 0.6]",5
40,8,3266461.0,"(40, 15)",5,10,50,"[0, 10, 30, 50, 100]","[0, 0.3, 0.3, 0.35, 0.6]",5
40,9,3287005.0000000005,"(38, 12)",5,10,50,"[0, 10, 30, 50, 100]","[0, 0.3, 0.3, 0.35, 0.6]",5
40,4-2,493055.00000000006,"(30, 13)",5,10,50,"[0, 10, 30, 50, 100]","[0, 0.3, 0.3, 0.35, 0.6]",5
41,0,3307548.0,"(33, 20)",5,10,50,"[0, 10, 30, 50, 100]","[0, 0.3, 0.3, 0.35, 0.6]",5
41,2,2567964.0000000005,"(15, 38)",5,10,50,"[0, 10, 30, 50, 100]","[0, 0.3, 0.3, 0.35, 0.6]",5
41,3,3369180.0000000005,"(38, 11)",5,10,50,"[0, 10, 30, 50, 100]","[0, 0.3, 0.3, 0.35, 0.6]",5
41,5,3369180.0000000005,"(34, 14)",5,10,50,"[0, 10, 30, 50, 100]","[0, 0.3, 0.3, 0.35, 0.6]",5
41,6,3348636.0,"(36, 13)",5,10,50,"[0, 10, 30, 50, 100]","[0, 0.3, 0.3, 0.35, 0.6]",5
41,7,3184284.0,"(32, 14)",5,10,50,"[0, 10, 30, 50, 100]","[0, 0.3, 0.3, 0.35, 0.6]",5
41,8,3348636.0,"(40, 14)",5,10,50,"[0, 10, 30, 50, 100]","[0, 0.3, 0.3, 0.35, 0.6]",5
41,9,3369180.0000000005,"(37, 12)",5,10,50,"[0, 10, 30, 50, 100]","[0, 0.3, 0.3, 0.35, 0.6]",5
41,4-2,575230.0000000001,"(29, 13)",5,10,50,"[0, 10, 30, 50, 100]","[0, 0.3, 0.3, 0.35, 0.6]",5
41,1-2,5.0,"(32, 35)",5,10,50,"[0, 10, 30, 50, 100]","[0, 0.3, 0.3, 0.35, 0.6]",5
42,0,3389723.0,"(34, 20)",5,10,50,"[0, 10, 30, 50, 100]","[0, 0.3, 0.3, 0.35, 0.6]",5
42,2,2650139.0000000005,"(14, 38)",5,10,50,"[0, 10, 30, 50, 100]","[0, 0.3, 0.3, 0.35, 0.6]",5
42,3,3451355.0000000005,"(38, 10)",5,10,50,"[0, 10, 30, 50, 100]","[0, 0.3, 0.3, 0.35, 0.6]",5
42,5,3451355.0000000005,"(34, 15)",5,10,50,"[0, 10, 30, 50, 100]","[0, 0.3, 0.3, 0.35, 0.6]",5
42,6,3430811.0,"(36, 12)",5,10,50,"[0, 10, 30, 50, 100]","[0, 0.3, 0.3, 0.35, 0.6]",5
42,7,3266459.0,"(31, 14)",5,10,50,"[0, 10, 30, 50, 100]","[0, 0.3, 0.3, 0.35, 0.6]",5
42,8,3430811.0,"(40, 13)",5,10,50,"[0, 10, 30, 50, 100]","[0, 0.3, 0.3, 0.35, 0.6]",5
42,9,3451355.0000000005,"(38, 12)",5,10,50,"[0, 10, 30, 50, 100]","[0, 0.3, 0.3, 0.35, 0.6]",5
42,4-2,657405.0000000001,"(29, 14)",5,10,50,"[0, 10, 30, 50, 100]","[0, 0.3, 0.3, 0.35, 0.6]",5
42,1-2,41092.00000000001,"(32, 33)",5,10,50,"[0, 10, 30, 50, 100]","[0, 0.3, 0.3, 0.35, 0.6]",5
43,0,3471898.0,"(35, 20)",5,10,50,"[0, 10, 30, 50, 100]","[0, 0.3, 0.3, 0.35, 0.6]",5
43,2,2732314.0000000005,"(15, 38)",5,10,50,"[0, 10, 30, 50, 100]","[0, 0.3, 0.3, 0.35, 0.6]",5
43,5,3533530.0000000005,"(34, 16)",5,10,50,"[0, 10, 30, 50, 100]","[0, 0.3, 0.3, 0.35, 0.6]",5
43,6,3512986.0,"(36, 11)",5,10,50,"[0, 10, 30, 50, 100]","[0, 0.3, 0.3, 0.35, 0.6]",5
43,7,3348634.0,"(31, 15)",5,10,50,"[0, 10, 30, 50, 100]","[0, 0.3, 0.3, 0.35, 0.6]",5
43,8,3512986.0,"(39, 13)",5,10,50,"[0, 10, 30, 50, 100]","[0, 0.3, 0.3, 0.35, 0.6]",5
43,9,3533530.0000000005,"(37, 12)",5,10,50,"[0, 10, 30, 50, 100]","[0, 0.3, 0.3, 0.35, 0.6]",5
43,4-2,739580.0000000001,"(29, 15)",5,10,50,"[0, 10, 30, 50, 100]","[0, 0.3, 0.3, 0.35, 0.6]",5
43,1-2,82179.00000000001,"(32, 32)",5,10,50,"[0, 10, 30, 50, 100]","[0, 0.3, 0.3, 0.35, 0.6]",5
43,3-2,5.0,"(44, 49)",5,10,50,"[0, 10, 30, 50, 100]","[0, 0.3, 0.3, 0.35, 0.6]",5
44,0,3554073.0,"(35, 19)",5,10,50,"[0, 10, 30, 50, 100]","[0, 0.3, 0.3, 0.35, 0.6]",5
44,2,2814489.0000000005,"(16, 38)",5,10,50,"[0, 10, 30, 50, 100]","[0, 0.3, 0.3, 0.35, 0.6]",5
44,5,3615705.0000000005,"(34, 15)",5,10,50,"[0, 10, 30, 50, 100]","[0, 0.3, 0.3, 0.35, 0.6]",5
44,6,3595161.0,"(37, 11)",5,10,50,"[0, 10, 30, 50, 100]","[0, 0.3, 0.3, 0.35, 0.6]",5
44,7,3430809.0,"(31, 16)",5,10,50,"[0, 10, 30, 50, 100]","[0, 0.3, 0.3, 0.35, 0.6]",5
44,8,3595161.0,"(39, 12)",5,10,50,"[0, 10, 30, 50, 100]","[0, 0.3, 0.3, 0.35, 0.6]",5
44,9,3615705.0000000005,"(38, 12)",5,10,50,"[0, 10, 30, 50, 100]","[0, 0.3, 0.3, 0.35, 0.6]",5
44,4-2,821755.0000000001,"(29, 14)",5,10,50,"[0, 10, 30, 50, 100]","[0, 0.3, 0.3, 0.35, 0.6]",5
44,1-2,123266.00000000003,"(32, 33)",5,10,50,"[0, 10, 30, 50, 100]","[0, 0.3, 0.3, 0.35, 0.6]",5
44,3-2,4.0,"(44, 49)",5,10,50,"[0, 10, 30, 50, 100]","[0, 0.3, 0.3, 0.35, 0.6]",5
45,0,3636248.0,"(35, 18)",5,10,50,"[0, 10, 30, 50, 100]","[0, 0.3, 0.3, 0.35, 0.6]",5
45,2,2896664.0000000005,"(16, 39)",5,10,50,"[0, 10, 30, 50, 100]","[0, 0.3, 0.3, 0.35, 0.6]",5
45,5,3697880.0000000005,"(34, 14)",5,10,50,"[0, 10, 30, 50, 100]","[0, 0.3, 0.3, 0.35, 0.6]",5
45,6,3677336.0,"(37, 12)",5,10,50,"[0, 10, 30, 50, 100]","[0, 0.3, 0.3, 0.35, 0.6]",5
45,7,3512984.0,"(31, 17)",5,10,50,"[0, 10, 30, 50, 100]","[0, 0.3, 0.3, 0.35, 0.6]",5
45,8,3677336.0,"(39, 11)",5,10,50,"[0, 10, 30, 50, 100]","[0, 0.3, 0.3, 0.35, 0.6]",5
45,9,3697880.0000000005,"(39, 12)",5,10,50,"[0, 10, 30, 50, 100]","[0, 0.3, 0.3, 0.35, 0.6]",5
45,4-2,903930.0000000001,"(29, 13)",5,10,50,"[0, 10, 30, 50, 100]","[0, 0.3, 0.3, 0.35, 0.6]",5
45,1-2,164353.00000000003,"(32, 32)",5,10,50,"[0, 10, 30, 50, 100]","[0, 0.3, 0.3, 0.35, 0.6]",5
45,3-2,3.0,"(44, 49)",5,10,50,"[0, 10, 30, 50, 100]","[0, 0.3, 0.3, 0.35, 0.6]",5
46,0,3718423.0,"(35, 17)",5,10,50,"[0, 10, 30, 50, 100]","[0, 0.3, 0.3, 0.35, 0.6]",5
46,2,2978839.0000000005,"(16, 38)",5,10,50,"[0, 10, 30, 50, 100]","[0, 0.3, 0.3, 0.35, 0.6]",5
46,5,3780055.0000000005,"(33, 14)",5,10,50,"[0, 10, 30, 50, 100]","[0, 0.3, 0.3, 0.35, 0.6]",5
46,6,3759511.0,"(37, 11)",5,10,50,"[0, 10, 30, 50, 100]","[0, 0.3, 0.3, 0.35, 0.6]",5
46,8,3759511.0,"(38, 11)",5,10,50,"[0, 10, 30, 50, 100]","[0, 0.3, 0.3, 0.35, 0.6]",5
46,9,3780055.0000000005,"(38, 12)",5,10,50,"[0, 10, 30, 50, 100]","[0, 0.3, 0.3, 0.35, 0.6]",5
46,4-2,986105.0000000001,"(29, 14)",5,10,50,"[0, 10, 30, 50, 100]","[0, 0.3, 0.3, 0.35, 0.6]",5
46,1-2,205440.00000000003,"(31, 32)",5,10,50,"[0, 10, 30, 50, 100]","[0, 0.3, 0.3, 0.35, 0.6]",5
46,3-2,2.0,"(44, 49)",5,10,50,"[0, 10, 30, 50, 100]","[0, 0.3, 0.3, 0.35, 0.6]",5
46,7-2,5.0,"(0, 3)",5,10,50,"[0, 10, 30, 50, 100]","[0, 0.3, 0.3, 0.35, 0.6]",5
47,0,3800598.0,"(35, 16)",5,10,50,"[0, 10, 30, 50, 100]","[0, 0.3, 0.3, 0.35, 0.6]",5
47,2,3061014.0000000005,"(16, 39)",5,10,50,"[0, 10, 30, 50, 100]","[0, 0.3, 0.3, 0.35, 0.6]",5
47,5,3862230.0000000005,"(33, 13)",5,10,50,"[0, 10, 30, 50, 100]","[0, 0.3, 0.3, 0.35, 0.6]",5
47,6,3841686.0,"(36, 11)",5,10,50,"[0, 10, 30, 50, 100]","[0, 0.3, 0.3, 0.35, 0.6]",5
47,8,3841686.0,"(39, 11)",5,10,50,"[0, 10, 30, 50, 100]","[0, 0.3, 0.3, 0.35, 0.6]",5
47,9,3862230.0000000005,"(38, 13)",5,10,50,"[0, 10, 30, 50, 100]","[0, 0.3, 0.3, 0.35, 0.6]",5
47,4-2,1068280.0000000002,"(30, 14)",5,10,50,"[0, 10, 30, 50, 100]","[0, 0.3, 0.3, 0.35, 0.6]",5
47,1-2,246527.00000000003,"(30, 32)",5,10,50,"[0, 10, 30, 50, 100]","[0, 0.3, 0.3, 0.35, 0.6]",5
47,3-2,1.0,"(44, 49)",5,10,50,"[0, 10, 30, 50, 100]","[0, 0.3, 0.3, 0.35, 0.6]",5
47,7-2,4.0,"(0, 3)",5,10,50,"[0, 10, 30, 50, 100]","[0, 0.3, 0.3, 0.35, 0.6]",5
48,0,3882773.0,"(36, 16)",5,10,50,"[0, 10, 30, 50, 100]","[0, 0.3, 0.3, 0.35, 0.6]",5
48,2,3143189.0000000005,"(16, 38)",5,10,50,"[0, 10, 30, 50, 100]","[0, 0.3, 0.3, 0.35, 0.6]",5
48,5,3944405.0000000005,"(34, 13)",5,10,50,"[0, 10, 30, 50, 100]","[0, 0.3, 0.3, 0.35, 0.6]",5
48,6,3923861.0,"(37, 11)",5,10,50,"[0, 10, 30, 50, 100]","[0, 0.3, 0.3, 0.35, 0.6]",5
48,8,3923861.0,"(38, 11)",5,10,50,"[0, 10, 30, 50, 100]","[0, 0.3, 0.3, 0.35, 0.6]",5
48,9,3944405.0000000005,"(38, 12)",5,10,50,"[0, 10, 30, 50, 100]","[0, 0.3, 0.3, 0.35, 0.6]",5
48,4-2,1150455.0000000002,"(30, 15)",5,10,50,"[0, 10, 30, 50, 100]","[0, 0.3, 0.3, 0.35, 0.6]",5
48,1-2,287614.00000000006,"(29, 32)",5,10,50,"[0, 10, 30, 50, 100]","[0, 0.3, 0.3, 0.35, 0.6]",5
48,7-2,3.0,"(0, 3)",5,10,50,"[0, 10, 30, 50, 100]","[0, 0.3, 0.3, 0.35, 0.6]",5
49,0,3964948.0,"(36, 15)",5,10,50,"[0, 10, 30, 50, 100]","[0, 0.3, 0.3, 0.35, 0.6]",5
49,5,4026580.0000000005,"(34, 14)",5,10,50,"[0, 10, 30, 50, 100]","[0, 0.3, 0.3, 0.35, 0.6]",5
49,6,4006036.0,"(38, 11)",5,10,50,"[0, 10, 30, 50, 100]","[0, 0.3, 0.3, 0.35, 0.6]",5
49,8,4006036.0,"(38, 10)",5,10,50,"[0, 10, 30, 50, 100]","[0, 0.3, 0.3, 0.35, 0.6]",5
49,9,4026580.0000000005,"(37, 12)",5,10,50,"[0, 10, 30, 50, 100]","[0, 0.3, 0.3, 0.35, 0.6]",5
49,4-2,1232630.0000000002,"(30, 16)",5,10,50,"[0, 10, 30, 50, 100]","[0, 0.3, 0.3, 0.35, 0.6]",5
49,1-2,328701.00000000006,"(29, 31)",5,10,50,"[0, 10, 30, 50, 100]","[0, 0.3, 0.3, 0.35, 0.6]",5
49,7-2,2.0,"(0, 3)",5,10,50,"[0, 10, 30, 50, 100]","[0, 0.3, 0.3, 0.35, 0.6]",5
49,2-2,5.0,"(35, 32)",5,10,50,"[0, 10, 30, 50, 100]","[0, 0.3, 0.3, 0.35, 0.6]",5
50,0,4047123.0,"(37, 15)",5,10,50,"[0, 10, 30, 50, 100]","[0, 0.3, 0.3, 0.35, 0.6]",5
50,5,4108755.0000000005,"(33, 14)",5,10,50,"[0, 10, 30, 50, 100]","[0, 0.3, 0.3, 0.35, 0.6]",5
50,6,4088211.0,"(37, 11)",5,10,50,"[0, 10, 30, 50, 100]","[0, 0.3, 0.3, 0.35, 0.6]",5
50,8,4088211.0,"(38, 11)",5,10,50,"[0, 10, 30, 50, 100]","[0, 0.3, 0.3, 0.35, 0.6]",5
50,9,4108755.0000000005,"(38, 12)",5,10,50,"[0, 10, 30, 50, 100]","[0, 0.3, 0.3, 0.35, 0.6]",5
50,4-2,1314805.0000000002,"(29, 16)",5,10,50,"[0, 10, 30, 50, 100]","[0, 0.3, 0.3, 0.35, 0.6]",5
50,1-2,369788.00000000006,"(28, 31)",5,10,50,"[0, 10, 30, 50, 100]","[0, 0.3, 0.3, 0.35, 0.6]",5
50,7-2,1.0,"(0, 3)",5,10,50,"[0, 10, 30, 50, 100]","[0, 0.3, 0.3, 0.35, 0.6]",5
50,2-2,41092.00000000001,"(35, 31)",5,10,50,"[0, 10, 30, 50, 100]","[0, 0.3, 0.3, 0.35, 0.6]",5
51,0,4129298.0,"(37, 14)",5,10,50,"[0, 10, 30, 50, 100]","[0, 0.3, 0.3, 0.35, 0.6]",5
51,5,4190930.0000000005,"(33, 13)",5,10,50,"[0, 10, 30, 50, 100]","[0, 0.3, 0.3, 0.35, 0.6]",5
51,6,4170386.0,"(36, 11)",5,10,50,"[0, 10, 30, 50, 100]","[0, 0.3, 0.3, 0.35, 0.6]",5
51,8,4170386.0,"(38, 10)",5,10,50,"[0, 10, 30, 50, 100]","[0, 0.3, 0.3, 0.35, 0.6]",5
51,9,4190930.0000000005,"(38, 13)",5,10,50,"[0, 10, 30, 50, 100]","[0, 0.3, 0.3, 0.35, 0.6]",5
51,4-2,1396980.0000000002,"(30, 16)",5,10,50,"[0, 10, 30, 50, 100]","[0, 0.3, 0.3, 0.35, 0.6]",5
51,1-2,410875.00000000006,"(27, 31)",5,10,50,"[0, 10, 30, 50, 100]","[0, 0.3, 0.3, 0.35, 0.6]",5
51,2-2,82179.00000000001,"(34, 31)",5,10,50,"[0, 10, 30, 50, 100]","[0, 0.3, 0.3, 0.35, 0.6]",5
52,0,4211473.0,"(37, 13)",5,10,50,"[0, 10, 30, 50, 100]","[0, 0.3, 0.3, 0.35, 0.6]",5
52,5,4273105.000000001,"(33, 14)",5,10,50,"[0, 10, 30, 50, 100]","[0, 0.3, 0.3, 0.35, 0.6]",5
52,6,4252561.0,"(36, 12)",5,10,50,"[0, 10, 30, 50, 100]","[0, 0.3, 0.3, 0.35, 0.6]",5
52,8,4252561.0,"(38, 11)",5,10,50,"[0, 10, 30, 50, 100]","[0, 0.3, 0.3, 0.35, 0.6]",5
52,9,4273105.000000001,"(39, 13)",5,10,50,"[0, 10, 30, 50, 100]","[0, 0.3, 0.3, 0.35, 0.6]",5
52,4-2,1479155.0000000002,"(30, 15)",5,10,50,"[0, 10, 30, 50, 100]","[0, 0.3, 0.3, 0.35, 0.6]",5
52,1-2,451962.00000000006,"(27, 30)",5,10,50,"[0, 10, 30, 50, 100]","[0, 0.3, 0.3, 0.35, 0.6]",5
52,2-2,123266.00000000003,"(33, 31)",5,10,50,"[0, 10, 30, 50, 100]","[0, 0.3, 0.3, 0.35, 0.6]",5
53,0,4293648.0,"(36, 13)",5,10,50,"[0, 10, 30, 50, 100]","[0, 0.3, 0.3, 0.35, 0.6]",5
53,5,4355280.000000001,"(33, 13)",5,10,50,"[0, 10, 30, 50, 100]","[0, 0.3, 0.3, 0.35, 0.6]",5
53,6,4334736.0,"(36, 11)",5,10,50,"[0, 10, 30, 50, 100]","[0, 0.3, 0.3, 0.35, 0.6]",5
53,8,4334736.0,"(37, 11)",5,10,50,"[0, 10, 30, 50, 100]","[0, 0.3, 0.3, 0.35, 0.6]",5
53,9,4355280.000000001,"(39, 12)",5,10,50,"[0, 10, 30, 50, 100]","[0, 0.3, 0.3, 0.35, 0.6]",5
53,4-2,1561330.0000000002,"(29, 15)",5,10,50,"[0, 10, 30, 50, 100]","[0, 0.3, 0.3, 0.35, 0.6]",5
53,1-2,513593.00000000006,"(29, 25)",5,10,50,"[0, 10, 30, 50, 100]","[0, 0.3, 0.3, 0.35, 0.6]",5
53,2-2,164353.00000000003,"(33, 30)",5,10,50,"[0, 10, 30, 50, 100]","[0, 0.3, 0.3, 0.35, 0.6]",5
54,0,4375823.0,"(36, 12)",5,10,50,"[0, 10, 30, 50, 100]","[0, 0.3, 0.3, 0.35, 0.6]",5
54,5,4437455.000000001,"(34, 13)",5,10,50,"[0, 10, 30, 50, 100]","[0, 0.3, 0.3, 0.35, 0.6]",5
54,6,4416911.0,"(37, 11)",5,10,50,"[0, 10, 30, 50, 100]","[0, 0.3, 0.3, 0.35, 0.6]",5
54,8,4416911.0,"(38, 11)",5,10,50,"[0, 10, 30, 50, 100]","[0, 0.3, 0.3, 0.35, 0.6]",5
54,9,4437455.000000001,"(39, 13)",5,10,50,"[0, 10, 30, 50, 100]","[0, 0.3, 0.3, 0.35, 0.6]",5
54,4-2,1643505.0000000002,"(29, 16)",5,10,50,"[0, 10, 30, 50, 100]","[0, 0.3, 0.3, 0.35, 0.6]",5
54,1-2,595768.0000000001,"(33, 20)",5,10,50,"[0, 10, 30, 50, 100]","[0, 0.3, 0.3, 0.35, 0.6]",5
54,2-2,225984.00000000003,"(33, 25)",5,10,50,"[0, 10, 30, 50, 100]","[0, 0.3, 0.3, 0.35, 0.6]",5
55,0,4457998.0,"(35, 12)",5,10,50,"[0, 10, 30, 50, 100]","[0, 0.3, 0.3, 0.35, 0.6]",5
55,5,4519630.000000001,"(33, 13)",5,10,50,"[0, 10, 30, 50, 100]","[0, 0.3, 0.3, 0.35, 0.6]",5
55,6,4499086.0,"(36, 11)",5,10,50,"[0, 10, 30, 50, 100]","[0, 0.3, 0.3, 0.35, 0.6]",5
55,8,4499086.0,"(37, 11)",5,10,50,"[0, 10, 30, 50, 100]","[0, 0.3, 0.3, 0.35, 0.6]",5
55,9,4519630.000000001,"(39, 14)",5,10,50,"[0, 10, 30, 50, 100]","[0, 0.3, 0.3, 0.35, 0.6]",5
55,4-2,1725680.0000000002,"(30, 16)",5,10,50,"[0, 10, 30, 50, 100]","[0, 0.3, 0.3, 0.35, 0.6]",5
55,1-2,677943.0000000001,"(33, 19)",5,10,50,"[0, 10, 30, 50, 100]","[0, 0.3, 0.3, 0.35, 0.6]",5
55,2-2,308159.00000000006,"(34, 20)",5,10,50,"[0, 10, 30, 50, 100]","[0, 0.3, 0.3, 0.35, 0.6]",5
56,5,4601805.000000001,"(34, 13)",5,10,50,"[0, 10, 30, 50, 100]","[0, 0.3, 0.3, 0.35, 0.6]",5
56,6,4581261.0,"(36, 12)",5,10,50,"[0, 10, 30, 50, 100]","[0, 0.3, 0.3, 0.35, 0.6]",5
56,8,4581261.0,"(38, 11)",5,10,50,"[0, 10, 30, 50, 100]","[0, 0.3, 0.3, 0.35, 0.6]",5
56,9,4601805.000000001,"(38, 14)",5,10,50,"[0, 10, 30, 50, 100]","[0, 0.3, 0.3, 0.35, 0.6]",5
56,4-2,1807855.0000000002,"(29, 16)",5,10,50,"[0, 10, 30, 50, 100]","[0, 0.3, 0.3, 0.35, 0.6]",5
56,1-2,760118.0000000001,"(33, 20)",5,10,50,"[0, 10, 30, 50, 100]","[0, 0.3, 0.3, 0.35, 0.6]",5
56,2-2,390334.00000000006,"(35, 20)",5,10,50,"[0, 10, 30, 50, 100]","[0, 0.3, 0.3, 0.35, 0.6]",5
56,0-2,5.0,"(23, 30)",5,10,50,"[0, 10, 30, 50, 100]","[0, 0.3, 0.3, 0.35, 0.6]",5
57,5,4683980.000000001,"(33, 13)",5,10,50,"[0, 10, 30, 50, 100]","[0, 0.3, 0.3, 0.35, 0.6]",5
57,6,4663436.0,"(36, 13)",5,10,50,"[0, 10, 30, 50, 100]","[0, 0.3, 0.3, 0.35, 0.6]",5
57,8,4663436.0,"(38, 12)",5,10,50,"[0, 10, 30, 50, 100]","[0, 0.3, 0.3, 0.35, 0.6]",5
57,9,4683980.000000001,"(37, 14)",5,10,50,"[0, 10, 30, 50, 100]","[0, 0.3, 0.3, 0.35, 0.6]",5
57,4-2,1890030.0000000002,"(30, 16)",5,10,50,"[0, 10, 30, 50, 100]","[0, 0.3, 0.3, 0.35, 0.6]",5
57,1-2,842293.0000000001,"(33, 19)",5,10,50,"[0, 10, 30, 50, 100]","[0, 0.3, 0.3, 0.35, 0.6]",5
57,2-2,472509.00000000006,"(35, 19)",5,10,50,"[0, 10, 30, 50, 100]","[0, 0.3, 0.3, 0.35, 0.6]",5
57,0-2,61636.0,"(20, 31)",5,10,50,"[0, 10, 30, 50, 100]","[0, 0.3, 0.3, 0.35, 0.6]",5
58,5,4766155.000000001,"(32, 13)",5,10,50,"[0, 10, 30, 50, 100]","[0, 0.3, 0.3, 0.35, 0.6]",5
58,6,4745611.0,"(36, 12)",5,10,50,"[0, 10, 30, 50, 100]","[0, 0.3, 0.3, 0.35, 0.6]",5
58,8,4745611.0,"(39, 12)",5,10,50,"[0, 10, 30, 50, 100]","[0, 0.3, 0.3, 0.35, 0.6]",5
58,4-2,1972205.0000000002,"(29, 16)",5,10,50,"[0, 10, 30, 50, 100]","[0, 0.3, 0.3, 0.35, 0.6]",5
58,1-2,924468.0000000001,"(32, 19)",5,10,50,"[0, 10, 30, 50, 100]","[0, 0.3, 0.3, 0.35, 0.6]",5
58,2-2,554684.0000000001,"(35, 18)",5,10,50,"[0, 10, 30, 50, 100]","[0, 0.3, 0.3, 0.35, 0.6]",5
58,0-2,143811.0,"(15, 35)",5,10,50,"[0, 10, 30, 50, 100]","[0, 0.3, 0.3, 0.35, 0.6]",5
58,9-2,5.0,"(39, 5)",5,10,50,"[0, 10, 30, 50, 100]","[0, 0.3, 0.3, 0.35, 0.6]",5
59,6,4827786.0,"(36, 13)",5,10,50,"[0, 10, 30, 50, 100]","[0, 0.3, 0.3, 0.35, 0.6]",5
59,8,4827786.0,"(39, 11)",5,10,50,"[0, 10, 30, 50, 100]","[0, 0.3, 0.3, 0.35, 0.6]",5
59,4-2,2054380.0000000002,"(29, 15)",5,10,50,"[0, 10, 30, 50, 100]","[0, 0.3, 0.3, 0.35, 0.6]",5
59,1-2,1006643.0000000001,"(33, 19)",5,10,50,"[0, 10, 30, 50, 100]","[0, 0.3, 0.3, 0.35, 0.6]",5
59,2-2,636859.0000000001,"(35, 19)",5,10,50,"[0, 10, 30, 50, 100]","[0, 0.3, 0.3, 0.35, 0.6]",5
59,0-2,225986.0,"(14, 35)",5,10,50,"[0, 10, 30, 50, 100]","[0, 0.3, 0.3, 0.35, 0.6]",5
59,9-2,82180.00000000001,"(36, 9)",5,10,50,"[0, 10, 30, 50, 100]","[0, 0.3, 0.3, 0.35, 0.6]",5
59,5-2,5.0,"(33, 45)",5,10,50,"[0, 10, 30, 50, 100]","[0, 0.3, 0.3, 0.35, 0.6]",5
60,6,4909961.0,"(37, 13)",5,10,50,"[0, 10, 30, 50, 100]","[0, 0.3, 0.3, 0.35, 0.6]",5
60,8,4909961.0,"(38, 11)",5,10,50,"[0, 10, 30, 50, 100]","[0, 0.3, 0.3, 0.35, 0.6]",5
60,4-2,2136555.0000000005,"(29, 14)",5,10,50,"[0, 10, 30, 50, 100]","[0, 0.3, 0.3, 0.35, 0.6]",5
60,1-2,1088818.0000000002,"(33, 18)",5,10,50,"[0, 10, 30, 50, 100]","[0, 0.3, 0.3, 0.35, 0.6]",5
60,2-2,719034.0000000001,"(35, 20)",5,10,50,"[0, 10, 30, 50, 100]","[0, 0.3, 0.3, 0.35, 0.6]",5
60,0-2,308161.0,"(14, 34)",5,10,50,"[0, 10, 30, 50, 100]","[0, 0.3, 0.3, 0.35, 0.6]",5
60,9-2,164355.00000000003,"(35, 9)",5,10,50,"[0, 10, 30, 50, 100]","[0, 0.3, 0.3, 0.35, 0.6]",5
60,5-2,20548.000000000004,"(31, 45)",5,10,50,"[0, 10, 30, 50, 100]","[0, 0.3, 0.3, 0.35, 0.6]",5
61,6,4992136.0,"(37, 14)",5,10,50,"[0, 10, 30, 50, 100]","[0, 0.3, 0.3, 0.35, 0.6]",5
61,8,4992136.0,"(39, 11)",5,10,50,"[0, 10, 30, 50, 100]","[0, 0.3, 0.3, 0.35, 0.6]",5
61,4-2,2218730.0000000005,"(30, 14)",5,10,50,"[0, 10, 30, 50, 100]","[0, 0.3, 0.3, 0.35, 0.6]",5
61,1-2,1170993.0000000002,"(33, 17)",5,10,50,"[0, 10, 30, 50, 100]","[0, 0.3, 0.3, 0.35, 0.6]",5
61,2-2,801209.0000000001,"(35, 19)",5,10,50,"[0, 10, 30, 50, 100]","[0, 0.3, 0.3, 0.35, 0.6]",5
61,0-2,390336.0,"(14, 35)",5,10,50,"[0, 10, 30, 50, 100]","[0, 0.3, 0.3, 0.35, 0.6]",5
61,9-2,246530.00000000006,"(34, 9)",5,10,50,"[0, 10, 30, 50, 100]","[0, 0.3, 0.3, 0.35, 0.6]",5
61,5-2,61635.000000000015,"(26, 41)",5,10,50,"[0, 10, 30, 50, 100]","[0, 0.3, 0.3, 0.35, 0.6]",5
62,8,5074311.0,"(38, 11)",5,10,50,"[0, 10, 30, 50, 100]","[0, 0.3, 0.3, 0.35, 0.6]",5
62,4-2,2300905.0000000005,"(30, 15)",5,10,50,"[0, 10, 30, 50, 100]","[0, 0.3, 0.3, 0.35, 0.6]",5
62,1-2,1253168.0000000002,"(32, 17)",5,10,50,"[0, 10, 30, 50, 100]","[0, 0.3, 0.3, 0.35, 0.6]",5
62,2-2,883384.0000000001,"(35, 18)",5,10,50,"[0, 10, 30, 50, 100]","[0, 0.3, 0.3, 0.35, 0.6]",5
62,0-2,472511.0,"(14, 34)",5,10,50,"[0, 10, 30, 50, 100]","[0, 0.3, 0.3, 0.35, 0.6]",5
62,9-2,328705.00000000006,"(33, 9)",5,10,50,"[0, 10, 30, 50, 100]","[0, 0.3, 0.3, 0.35, 0.6]",5
62,5-2,123266.00000000001,"(21, 41)",5,10,50,"[0, 10, 30, 50, 100]","[0, 0.3, 0.3, 0.35, 0.6]",5
62,6-2,5.0,"(23, 43)",5,10,50,"[0, 10, 30, 50, 100]","[0, 0.3, 0.3, 0.35, 0.6]",5
63,4-2,2383080.0000000005,"(31, 15)",5,10,50,"[0, 10, 30, 50, 100]","[0, 0.3, 0.3, 0.35, 0.6]",5
63,1-2,1335343.0000000002,"(31, 17)",5,10,50,"[0, 10, 30, 50, 100]","[0, 0.3, 0.3, 0.35, 0.6]",5
63,2-2,965559.0000000001,"(34, 18)",5,10,50,"[0, 10, 30, 50, 100]","[0, 0.3, 0.3, 0.35, 0.6]",5
63,0-2,554686.0,"(13, 34)",5,10,50,"[0, 10, 30, 50, 100]","[0, 0.3, 0.3, 0.35, 0.6]",5
63,9-2,410880.00000000006,"(33, 10)",5,10,50,"[0, 10, 30, 50, 100]","[0, 0.3, 0.3, 0.35, 0.6]",5
63,5-2,205441.00000000003,"(16, 40)",5,10,50,"[0, 10, 30, 50, 100]","[0, 0.3, 0.3, 0.35, 0.6]",5
63,6-2,61636.0,"(20, 43)",5,10,50,"[0, 10, 30, 50, 100]","[0, 0.3, 0.3, 0.35, 0.6]",5
63,8-2,5.0,"(41, 9)",5,10,50,"[0, 10, 30, 50, 100]","[0, 0.3, 0.3, 0.35, 0.6]",5
64,4-2,2465255.0000000005,"(31, 14)",5,10,50,"[0, 10, 30, 50, 100]","[0, 0.3, 0.3, 0.35, 0.6]",5
64,1-2,1417518.0000000002,"(32, 17)",5,10,50,"[0, 10, 30, 50, 100]","[0, 0.3, 0.3, 0.35, 0.6]",5
64,2-2,1047734.0000000001,"(34, 19)",5,10,50,"[0, 10, 30, 50, 100]","[0, 0.3, 0.3, 0.35, 0.6]",5
64,0-2,636861.0,"(14, 34)",5,10,50,"[0, 10, 30, 50, 100]","[0, 0.3, 0.3, 0.35, 0.6]",5
64,9-2,493055.00000000006,"(33, 9)",5,10,50,"[0, 10, 30, 50, 100]","[0, 0.3, 0.3, 0.35, 0.6]",5
64,5-2,287616.00000000006,"(15, 40)",5,10,50,"[0, 10, 30, 50, 100]","[0, 0.3, 0.3, 0.35, 0.6]",5
64,6-2,143811.0,"(15, 42)",5,10,50,"[0, 10, 30, 50, 100]","[0, 0.3, 0.3, 0.35, 0.6]",5
64,8-2,82180.00000000001,"(39, 11)",5,10,50,"[0, 10, 30, 50, 100]","[0, 0.3, 0.3, 0.35, 0.6]",5
65,4-2,2547430.0000000005,"(30, 14)",5,10,50,"[0, 10, 30, 50, 100]","[0, 0.3, 0.3, 0.35, 0.6]",5
65,1-2,1499693.0000000002,"(31, 17)",5,10,50,"[0, 10, 30, 50, 100]","[0, 0.3, 0.3, 0.35, 0.6]",5
65,2-2,1129909.0000000002,"(33, 19)",5,10,50,"[0, 10, 30, 50, 100]","[0, 0.3, 0.3, 0.35, 0.6]",5
65,0-2,719036.0,"(13, 34)",5,10,50,"[0, 10, 30, 50, 100]","[0, 0.3, 0.3, 0.35, 0.6]",5
65,9-2,575230.0000000001,"(33, 10)",5,10,50,"[0, 10, 30, 50, 100]","[0, 0.3, 0.3, 0.35, 0.6]",5
65,5-2,369791.00000000006,"(16, 40)",5,10,50,"[0, 10, 30, 50, 100]","[0, 0.3, 0.3, 0.35, 0.6]",5
65,6-2,225986.0,"(15, 41)",5,10,50,"[0, 10, 30, 50, 100]","[0, 0.3, 0.3, 0.35, 0.6]",5
65,8-2,164355.00000000003,"(38, 11)",5,10,50,"[0, 10, 30, 50, 100]","[0, 0.3, 0.3, 0.35, 0.6]",5
66,4-2,2629605.0000000005,"(31, 14)",5,10,50,"[0, 10, 30, 50, 100]","[0, 0.3, 0.3, 0.35, 0.6]",5
66,1-2,1581868.0000000002,"(31, 16)",5,10,50,"[0, 10, 30, 50, 100]","[0, 0.3, 0.3, 0.35, 0.6]",5
66,2-2,1212084.0000000002,"(34, 19)",5,10,50,"[0, 10, 30, 50, 100]","[0, 0.3, 0.3, 0.35, 0.6]",5
66,0-2,801211.0,"(14, 34)",5,10,50,"[0, 10, 30, 50, 100]","[0, 0.3, 0.3, 0.35, 0.6]",5
66,9-2,657405.0000000001,"(33, 9)",5,10,50,"[0, 10, 30, 50, 100]","[0, 0.3, 0.3, 0.35, 0.6]",5
66,5-2,451966.00000000006,"(16, 39)",5,10,50,"[0, 10, 30, 50, 100]","[0, 0.3, 0.3, 0.35, 0.6]",5
66,6-2,308161.0,"(14, 41)",5,10,50,"[0, 10, 30, 50, 100]","[0, 0.3, 0.3, 0.35, 0.6]",5
66,8-2,246530.00000000006,"(38, 12)",5,10,50,"[0, 10, 30, 50, 100]","[0, 0.3, 0.3, 0.35, 0.6]",5
67,4-2,2711780.0000000005,"(31, 15)",5,10,50,"[0, 10, 30, 50, 100]","[0, 0.3, 0.3, 0.35, 0.6]",5
67,1-2,1664043.0000000002,"(31, 17)",5,10,50,"[0, 10, 30, 50, 100]","[0, 0.3, 0.3, 0.35, 0.6]",5
67,2-2,1294259.0000000002,"(34, 20)",5,10,50,"[0, 10, 30, 50, 100]","[0, 0.3, 0.3, 0.35, 0.6]",5
67,0-2,883386.0,"(14, 35)",5,10,50,"[0, 10, 30, 50, 100]","[0, 0.3, 0.3, 0.35, 0.6]",5
67,9-2,739580.0000000001,"(33, 10)",5,10,50,"[0, 10, 30, 50, 100]","[0, 0.3, 0.3, 0.35, 0.6]",5
67,5-2,534141.0000000001,"(16, 38)",5,10,50,"[0, 10, 30, 50, 100]","[0, 0.3, 0.3, 0.35, 0.6]",5
67,6-2,390336.0,"(14, 40)",5,10,50,"[0, 10, 30, 50, 100]","[0, 0.3, 0.3, 0.35, 0.6]",5
67,8-2,328705.00000000006,"(37, 12)",5,10,50,"[0, 10, 30, 50, 100]","[0, 0.3, 0.3, 0.35, 0.6]",5
68,4-2,2793955.0000000005,"(30, 15)",5,10,50,"[0, 10, 30, 50, 100]","[0, 0.3, 0.3, 0.35, 0.6]",5
68,1-2,1746218.0000000002,"(31, 18)",5,10,50,"[0, 10, 30, 50, 100]","[0, 0.3, 0.3, 0.35, 0.6]",5
68,2-2,1376434.0000000002,"(35, 20)",5,10,50,"[0, 10, 30, 50, 100]","[0, 0.3, 0.3, 0.35, 0.6]",5
68,0-2,965561.0,"(15, 35)",5,10,50,"[0, 10, 30, 50, 100]","[0, 0.3, 0.3, 0.35, 0.6]",5
68,9-2,821755.0000000001,"(34, 10)",5,10,50,"[0, 10, 30, 50, 100]","[0, 0.3, 0.3, 0.35, 0.6]",5
68,5-2,616316.0000000001,"(16, 39)",5,10,50,"[0, 10, 30, 50, 100]","[0, 0.3, 0.3, 0.35, 0.6]",5
68,6-2,472511.0,"(15, 40)",5,10,50,"[0, 10, 30, 50, 100]","[0, 0.3, 0.3, 0.35, 0.6]",5
68,8-2,410880.00000000006,"(36, 12)",5,10,50,"[0, 10, 30, 50, 100]","[0, 0.3, 0.3, 0.35, 0.6]",5
69,4-2,2876130.0000000005,"(30, 14)",5,10,50,"[0, 10, 30, 50, 100]","[0, 0.3, 0.3, 0.35, 0.6]",5
69,1-2,1828393.0000000002,"(31, 17)",5,10,50,"[0, 10, 30, 50, 100]","[0, 0.3, 0.3, 0.35, 0.6]",5
69,2-2,1458609.0000000002,"(36, 20)",5,10,50,"[0, 10, 30, 50, 100]","[0, 0.3, 0.3, 0.35, 0.6]",5
69,0-2,1047736.0,"(14, 35)",5,10,50,"[0, 10, 30, 50, 100]","[0, 0.3, 0.3, 0.35, 0.6]",5
69,9-2,903930.0000000001,"(33, 10)",5,10,50,"[0, 10, 30, 50, 100]","[0, 0.3, 0.3, 0.35, 0.6]",5
69,5-2,698491.0000000001,"(15, 39)",5,10,50,"[0, 10, 30, 50, 100]","[0, 0.3, 0.3, 0.35, 0.6]",5
69,6-2,554686.0,"(14, 40)",5,10,50,"[0, 10, 30, 50, 100]","[0, 0.3, 0.3, 0.35, 0.6]",5
69,8-2,493055.00000000006,"(37, 12)",5,10,50,"[0, 10, 30, 50, 100]","[0, 0.3, 0.3, 0.35, 0.6]",5
70,4-2,2958305.0000000005,"(30, 15)",5,10,50,"[0, 10, 30, 50, 100]","[0, 0.3, 0.3, 0.35, 0.6]",5
70,1-2,1910568.0000000002,"(31, 16)",5,10,50,"[0, 10, 30, 50, 100]","[0, 0.3, 0.3, 0.35, 0.6]",5
70,2-2,1540784.0000000002,"(36, 19)",5,10,50,"[0, 10, 30, 50, 100]","[0, 0.3, 0.3, 0.35, 0.6]",5
70,0-2,1129911.0,"(15, 35)",5,10,50,"[0, 10, 30, 50, 100]","[0, 0.3, 0.3, 0.35, 0.6]",5
70,9-2,986105.0000000001,"(33, 11)",5,10,50,"[0, 10, 30, 50, 100]","[0, 0.3, 0.3, 0.35, 0.6]",5
70,5-2,780666.0000000001,"(15, 38)",5,10,50,"[0, 10, 30, 50, 100]","[0, 0.3, 0.3, 0.35, 0.6]",5
70,6-2,636861.0,"(13, 40)",5,10,50,"[0, 10, 30, 50, 100]","[0, 0.3, 0.3, 0.35, 0.6]",5
70,8-2,575230.0000000001,"(37, 13)",5,10,50,"[0, 10, 30, 50, 100]","[0, 0.3, 0.3, 0.35, 0.6]",5
71,4-2,3040480.0000000005,"(30, 14)",5,10,50,"[0, 10, 30, 50, 100]","[0, 0.3, 0.3, 0.35, 0.6]",5
71,1-2,1992743.0000000002,"(30, 16)",5,10,50,"[0, 10, 30, 50, 100]","[0, 0.3, 0.3, 0.35, 0.6]",5
71,2-2,1622959.0000000002,"(37, 19)",5,10,50,"[0, 10, 30, 50, 100]","[0, 0.3, 0.3, 0.35, 0.6]",5
71,0-2,1212086.0,"(15, 36)",5,10,50,"[0, 10, 30, 50, 100]","[0, 0.3, 0.3, 0.35, 0.6]",5
71,9-2,1068280.0000000002,"(33, 10)",5,10,50,"[0, 10, 30, 50, 100]","[0, 0.3, 0.3, 0.35, 0.6]",5
71,5-2,862841.0000000001,"(15, 37)",5,10,50,"[0, 10, 30, 50, 100]","[0, 0.3, 0.3, 0.35, 0.6]",5
71,6-2,719036.0,"(13, 41)",5,10,50,"[0, 10, 30, 50, 100]","[0, 0.3, 0.3, 0.35, 0.6]",5
71,8-2,657405.0000000001,"(38, 13)",5,10,50,"[0, 10, 30, 50, 100]","[0, 0.3, 0.3, 0.35, 0.6]",5
72,4-2,3122655.0000000005,"(30, 13)",5,10,50,"[0, 10, 30, 50, 100]","[0, 0.3, 0.3, 0.35, 0.6]",5
72,1-2,2074918.0000000002,"(30, 17)",5,10,50,"[0, 10, 30, 50, 100]","[0, 0.3, 0.3, 0.35, 0.6]",5
72,2-2,1705134.0000000002,"(37, 18)",5,10,50,"[0, 10, 30, 50, 100]","[0, 0.3, 0.3, 0.35, 0.6]",5
72,0-2,1294261.0,"(15, 35)",5,10,50,"[0, 10, 30, 50, 100]","[0, 0.3, 0.3, 0.35, 0.6]",5
72,9-2,1150455.0000000002,"(32, 10)",5,10,50,"[0, 10, 30, 50, 100]","[0, 0.3, 0.3, 0.35, 0.6]",5
72,5-2,945016.0000000001,"(15, 38)",5,10,50,"[0, 10, 30, 50, 100]","[0, 0.3, 0.3, 0.35, 0.6]",5
72,6-2,801211.0,"(13, 42)",5,10,50,"[0, 10, 30, 50, 100]","[0, 0.3, 0.3, 0.35, 0.6]",5
72,8-2,739580.0000000001,"(38, 12)",5,10,50,"[0, 10, 30, 50, 100]","[0, 0.3, 0.3, 0.35, 0.6]",5
73,4-2,3204830.0000000005,"(31, 13)",5,10,50,"[0, 10, 30, 50, 100]","[0, 0.3, 0.3, 0.35, 0.6]",5
73,1-2,2157093.0000000005,"(30, 18)",5,10,50,"[0, 10, 30, 50, 100]","[0, 0.3, 0.3, 0.35, 0.6]",5
73,2-2,1787309.0000000002,"(37, 19)",5,10,50,"[0, 10, 30, 50, 100]","[0, 0.3, 0.3, 0.35, 0.6]",5
73,0-2,1376436.0,"(15, 36)",5,10,50,"[0, 10, 30, 50, 100]","[0, 0.3, 0.3, 0.35, 0.6]",5
73,9-2,1232630.0000000002,"(33, 10)",5,10,50,"[0, 10, 30, 50, 100]","[0, 0.3, 0.3, 0.35, 0.6]",5
73,5-2,1027191.0000000001,"(16, 38)",5,10,50,"[0, 10, 30, 50, 100]","[0, 0.3, 0.3, 0.35, 0.6]",5
73,6-2,883386.0,"(13, 43)",5,10,50,"[0, 10, 30, 50, 100]","[0, 0.3, 0.3, 0.35, 0.6]",5
73,8-2,821755.0000000001,"(38, 11)",5,10,50,"[0, 10, 30, 50, 100]","[0, 0.3, 0.3, 0.35, 0.6]",5
74,4-2,3287005.0000000005,"(31, 14)",5,10,50,"[0, 10, 30, 50, 100]","[0, 0.3, 0.3, 0.35, 0.6]",5
74,1-2,2239268.0000000005,"(30, 17)",5,10,50,"[0, 10, 30, 50, 100]","[0, 0.3, 0.3, 0.35, 0.6]",5
74,2-2,1869484.0000000002,"(38, 19)",5,10,50,"[0, 10, 30, 50, 100]","[0, 0.3, 0.3, 0.35, 0.6]",5
74,0-2,1458611.0,"(14, 36)",5,10,50,"[0, 10, 30, 50, 100]","[0, 0.3, 0.3, 0.35, 0.6]",5
74,9-2,1314805.0000000002,"(32, 10)",5,10,50,"[0, 10, 30, 50, 100]","[0, 0.3, 0.3, 0.35, 0.6]",5
74,5-2,1109366.0000000002,"(16, 37)",5,10,50,"[0, 10, 30, 50, 100]","[0, 0.3, 0.3, 0.35, 0.6]",5
74,6-2,965561.0,"(12, 43)",5,10,50,"[0, 10, 30, 50, 100]","[0, 0.3, 0.3, 0.35, 0.6]",5
74,8-2,903930.0000000001,"(38, 12)",5,10,50,"[0, 10, 30, 50, 100]","[0, 0.3, 0.3, 0.35, 0.6]",5
75,4-2,3369180.0000000005,"(30, 14)",5,10,50,"[0, 10, 30, 50, 100]","[0, 0.3, 0.3, 0.35, 0.6]",5
75,1-2,2321443.0000000005,"(31, 17)",5,10,50,"[0, 10, 30, 50, 100]","[0, 0.3, 0.3, 0.35, 0.6]",5
75,2-2,1951659.0000000002,"(37, 19)",5,10,50,"[0, 10, 30, 50, 100]","[0, 0.3, 0.3, 0.35, 0.6]",5
75,0-2,1540786.0,"(13, 36)",5,10,50,"[0, 10, 30, 50, 100]","[0, 0.3, 0.3, 0.35, 0.6]",5
75,9-2,1396980.0000000002,"(33, 10)",5,10,50,"[0, 10, 30, 50, 100]","[0, 0.3, 0.3, 0.35, 0.6]",5
75,5-2,1191541.0000000002,"(16, 38)",5,10,50,"[0, 10, 30, 50, 100]","[0, 0.3, 0.3, 0.35, 0.6]",5
75,6-2,1047736.0,"(13, 43)",5,10,50,"[0, 10, 30, 50, 100]","[0, 0.3, 0.3, 0.35, 0.6]",5
75,8-2,986105.0000000001,"(39, 12)",5,10,50,"[0, 10, 30, 50, 100]","[0, 0.3, 0.3, 0.35, 0.6]",5
76,4-2,3451355.0000000005,"(30, 13)",5,10,50,"[0, 10, 30, 50, 100]","[0, 0.3, 0.3, 0.35, 0.6]",5
76,1-2,2403618.0000000005,"(30, 17)",5,10,50,"[0, 10, 30, 50, 100]","[0, 0.3, 0.3, 0.35, 0.6]",5
76,2-2,2033834.0000000002,"(37, 18)",5,10,50,"[0, 10, 30, 50, 100]","[0, 0.3, 0.3, 0.35, 0.6]",5
76,0-2,1622961.0,"(14, 36)",5,10,50,"[0, 10, 30, 50, 100]","[0, 0.3, 0.3, 0.35, 0.6]",5
76,9-2,1479155.0000000002,"(33, 11)",5,10,50,"[0, 10, 30, 50, 100]","[0, 0.3, 0.3, 0.35, 0.6]",5
76,5-2,1273716.0000000002,"(16, 37)",5,10,50,"[0, 10, 30, 50, 100]","[0, 0.3, 0.3, 0.35, 0.6]",5
76,6-2,1129911.0,"(13, 42)",5,10,50,"[0, 10, 30, 50, 100]","[0, 0.3, 0.3, 0.35, 0.6]",5
76,8-2,1068280.0000000002,"(39, 11)",5,10,50,"[0, 10, 30, 50, 100]","[0, 0.3, 0.3, 0.35, 0.6]",5
77,4-2,3533530.0000000005,"(31, 13)",5,10,50,"[0, 10, 30, 50, 100]","[0, 0.3, 0.3, 0.35, 0.6]",5
77,1-2,2485793.0000000005,"(30, 18)",5,10,50,"[0, 10, 30, 50, 100]","[0, 0.3, 0.3, 0.35, 0.6]",5
77,2-2,2116009.0000000005,"(37, 17)",5,10,50,"[0, 10, 30, 50, 100]","[0, 0.3, 0.3, 0.35, 0.6]",5
77,0-2,1705136.0,"(13, 36)",5,10,50,"[0, 10, 30, 50, 100]","[0, 0.3, 0.3, 0.35, 0.6]",5
77,9-2,1561330.0000000002,"(33, 10)",5,10,50,"[0, 10, 30, 50, 100]","[0, 0.3, 0.3, 0.35, 0.6]",5
77,5-2,1355891.0000000002,"(16, 38)",5,10,50,"[0, 10, 30, 50, 100]","[0, 0.3, 0.3, 0.35, 0.6]",5
77,6-2,1212086.0,"(13, 41)",5,10,50,"[0, 10, 30, 50, 100]","[0, 0.3, 0.3, 0.35, 0.6]",5
77,8-2,1150455.0000000002,"(38, 11)",5,10,50,"[0, 10, 30, 50, 100]","[0, 0.3, 0.3, 0.35, 0.6]",5
78,4-2,3615705.0000000005,"(30, 13)",5,10,50,"[0, 10, 30, 50, 100]","[0, 0.3, 0.3, 0.35, 0.6]",5
78,1-2,2567968.0000000005,"(30, 17)",5,10,50,"[0, 10, 30, 50, 100]","[0, 0.3, 0.3, 0.35, 0.6]",5
78,2-2,2198184.0000000005,"(36, 17)",5,10,50,"[0, 10, 30, 50, 100]","[0, 0.3, 0.3, 0.35, 0.6]",5
78,0-2,1787311.0,"(13, 37)",5,10,50,"[0, 10, 30, 50, 100]","[0, 0.3, 0.3, 0.35, 0.6]",5
78,9-2,1643505.0000000002,"(33, 9)",5,10,50,"[0, 10, 30, 50, 100]","[0, 0.3, 0.3, 0.35, 0.6]",5
78,5-2,1438066.0000000002,"(16, 39)",5,10,50,"[0, 10, 30, 50, 100]","[0, 0.3, 0.3, 0.35, 0.6]",5
78,6-2,1294261.0,"(13, 42)",5,10,50,"[0, 10, 30, 50, 100]","[0, 0.3, 0.3, 0.35, 0.6]",5
78,8-2,1232630.0000000002,"(39, 11)",5,10,50,"[0, 10, 30, 50, 100]","[0, 0.3, 0.3, 0.35, 0.6]",5
79,4-2,3697880.0000000005,"(31, 13)",5,10,50,"[0, 10, 30, 50, 100]","[0, 0.3, 0.3, 0.35, 0.6]",5
79,1-2,2650143.0000000005,"(30, 18)",5,10,50,"[0, 10, 30, 50, 100]","[0, 0.3, 0.3, 0.35, 0.6]",5
79,2-2,2280359.0000000005,"(36, 16)",5,10,50,"[0, 10, 30, 50, 100]","[0, 0.3, 0.3, 0.35, 0.6]",5
79,0-2,1869486.0,"(13, 36)",5,10,50,"[0, 10, 30, 50, 100]","[0, 0.3, 0.3, 0.35, 0.6]",5
79,9-2,1725680.0000000002,"(33, 10)",5,10,50,"[0, 10, 30, 50, 100]","[0, 0.3, 0.3, 0.35, 0.6]",5
79,5-2,1520241.0000000002,"(16, 38)",5,10,50,"[0, 10, 30, 50, 100]","[0, 0.3, 0.3, 0.35, 0.6]",5
79,6-2,1376436.0,"(13, 41)",5,10,50,"[0, 10, 30, 50, 100]","[0, 0.3, 0.3, 0.35, 0.6]",5
79,8-2,1314805.0000000002,"(39, 12)",5,10,50,"[0, 10, 30, 50, 100]","[0, 0.3, 0.3, 0.35, 0.6]",5
80,4-2,3780055.0000000005,"(31, 14)",5,10,50,"[0, 10, 30, 50, 100]","[0, 0.3, 0.3, 0.35, 0.6]",5
80,1-2,2732318.0000000005,"(31, 18)",5,10,50,"[0, 10, 30, 50, 100]","[0, 0.3, 0.3, 0.35, 0.6]",5
80,2-2,2362534.0000000005,"(37, 16)",5,10,50,"[0, 10, 30, 50, 100]","[0, 0.3, 0.3, 0.35, 0.6]",5
80,0-2,1951661.0,"(12, 36)",5,10,50,"[0, 10, 30, 50, 100]","[0, 0.3, 0.3, 0.35, 0.6]",5
80,9-2,1807855.0000000002,"(32, 10)",5,10,50,"[0, 10, 30, 50, 100]","[0, 0.3, 0.3, 0.35, 0.6]",5
80,5-2,1602416.0000000002,"(16, 37)",5,10,50,"[0, 10, 30, 50, 100]","[0, 0.3, 0.3, 0.35, 0.6]",5
80,6-2,1458611.0,"(12, 41)",5,10,50,"[0, 10, 30, 50, 100]","[0, 0.3, 0.3, 0.35, 0.6]",5
80,8-2,1396980.0000000002,"(38, 12)",5,10,50,"[0, 10, 30, 50, 100]","[0, 0.3, 0.3, 0.35, 0.6]",5
81,4-2,3862230.0000000005,"(31, 15)",5,10,50,"[0, 10, 30, 50, 100]","[0, 0.3, 0.3, 0.35, 0.6]",5
81,1-2,2814493.0000000005,"(31, 19)",5,10,50,"[0, 10, 30, 50, 100]","[0, 0.3, 0.3, 0.35, 0.6]",5
81,2-2,2444709.0000000005,"(38, 16)",5,10,50,"[0, 10, 30, 50, 100]","[0, 0.3, 0.3, 0.35, 0.6]",5
81,0-2,2033836.0,"(13, 36)",5,10,50,"[0, 10, 30, 50, 100]","[0, 0.3, 0.3, 0.35, 0.6]",5
81,9-2,1890030.0000000002,"(33, 10)",5,10,50,"[0, 10, 30, 50, 100]","[0, 0.3, 0.3, 0.35, 0.6]",5
81,5-2,1684591.0000000002,"(16, 38)",5,10,50,"[0, 10, 30, 50, 100]","[0, 0.3, 0.3, 0.35, 0.6]",5
81,6-2,1540786.0,"(12, 40)",5,10,50,"[0, 10, 30, 50, 100]","[0, 0.3, 0.3, 0.35, 0.6]",5
81,8-2,1479155.0000000002,"(37, 12)",5,10,50,"[0, 10, 30, 50, 100]","[0, 0.3, 0.3, 0.35, 0.6]",5
82,4-2,3944405.0000000005,"(31, 14)",5,10,50,"[0, 10, 30, 50, 100]","[0, 0.3, 0.3, 0.35, 0.6]",5
82,1-2,2896668.0000000005,"(32, 19)",5,10,50,"[0, 10, 30, 50, 100]","[0, 0.3, 0.3, 0.35, 0.6]",5
82,2-2,2526884.0000000005,"(37, 16)",5,10,50,"[0, 10, 30, 50, 100]","[0, 0.3, 0.3, 0.35, 0.6]",5
82,0-2,2116011.0,"(14, 36)",5,10,50,"[0, 10, 30, 50, 100]","[0, 0.3, 0.3, 0.35, 0.6]",5
82,9-2,1972205.0000000002,"(33, 11)",5,10,50,"[0, 10, 30, 50, 100]","[0, 0.3, 0.3, 0.35, 0.6]",5
82,5-2,1766766.0000000002,"(15, 38)",5,10,50,"[0, 10, 30, 50, 100]","[0, 0.3, 0.3, 0.35, 0.6]",5
82,6-2,1622961.0,"(12, 39)",5,10,50,"[0, 10, 30, 50, 100]","[0, 0.3, 0.3, 0.35, 0.6]",5
82,8-2,1561330.0000000002,"(36, 12)",5,10,50,"[0, 10, 30, 50, 100]","[0, 0.3, 0.3, 0.35, 0.6]",5
83,4-2,4026580.0000000005,"(31, 15)",5,10,50,"[0, 10, 30, 50, 100]","[0, 0.3, 0.3, 0.35, 0.6]",5
83,1-2,2978843.0000000005,"(32, 18)",5,10,50,"[0, 10, 30, 50, 100]","[0, 0.3, 0.3, 0.35, 0.6]",5
83,2-2,2609059.0000000005,"(38, 16)",5,10,50,"[0, 10, 30, 50, 100]","[0, 0.3, 0.3, 0.35, 0.6]",5
83,0-2,2198186.0,"(14, 37)",5,10,50,"[0, 10, 30, 50, 100]","[0, 0.3, 0.3, 0.35, 0.6]",5
83,9-2,2054380.0000000002,"(34, 11)",5,10,50,"[0, 10, 30, 50, 100]","[0, 0.3, 0.3, 0.35, 0.6]",5
83,5-2,1848941.0000000002,"(15, 37)",5,10,50,"[0, 10, 30, 50, 100]","[0, 0.3, 0.3, 0.35, 0.6]",5
83,6-2,1705136.0,"(12, 40)",5,10,50,"[0, 10, 30, 50, 100]","[0, 0.3, 0.3, 0.35, 0.6]",5
83,8-2,1643505.0000000002,"(37, 12)",5,10,50,"[0, 10, 30, 50, 100]","[0, 0.3, 0.3, 0.35, 0.6]",5
84,4-2,4108755.0000000005,"(32, 15)",5,10,50,"[0, 10, 30, 50, 100]","[0, 0.3, 0.3, 0.35, 0.6]",5
84,1-2,3061018.0000000005,"(31, 18)",5,10,50,"[0, 10, 30, 50, 100]","[0, 0.3, 0.3, 0.35, 0.6]",5
84,2-2,2691234.0000000005,"(38, 15)",5,10,50,"[0, 10, 30, 50, 100]","[0, 0.3, 0.3, 0.35, 0.6]",5
84,0-2,2280361.0,"(14, 38)",5,10,50,"[0, 10, 30, 50, 100]","[0, 0.3, 0.3, 0.35, 0.6]",5
84,9-2,2136555.0000000005,"(34, 10)",5,10,50,"[0, 10, 30, 50, 100]","[0, 0.3, 0.3, 0.35, 0.6]",5
84,5-2,1931116.0000000002,"(15, 36)",5,10,50,"[0, 10, 30, 50, 100]","[0, 0.3, 0.3, 0.35, 0.6]",5
84,6-2,1787311.0,"(11, 40)",5,10,50,"[0, 10, 30, 50, 100]","[0, 0.3, 0.3, 0.35, 0.6]",5
84,8-2,1725680.0000000002,"(37, 13)",5,10,50,"[0, 10, 30, 50, 100]","[0, 0.3, 0.3, 0.35, 0.6]",5
85,4-2,4190930.0000000005,"(31, 15)",5,10,50,"[0, 10, 30, 50, 100]","[0, 0.3, 0.3, 0.35, 0.6]",5
85,1-2,3143193.0000000005,"(31, 19)",5,10,50,"[0, 10, 30, 50, 100]","[0, 0.3, 0.3, 0.35, 0.6]",5
85,2-2,2773409.0000000005,"(37, 15)",5,10,50,"[0, 10, 30, 50, 100]","[0, 0.3, 0.3, 0.35, 0.6]",5
85,0-2,2362536.0,"(14, 39)",5,10,50,"[0, 10, 30, 50, 100]","[0, 0.3, 0.3, 0.35, 0.6]",5
85,9-2,2218730.0000000005,"(34, 11)",5,10,50,"[0, 10, 30, 50, 100]","[0, 0.3, 0.3, 0.35, 0.6]",5
85,5-2,2013291.0000000002,"(15, 37)",5,10,50,"[0, 10, 30, 50, 100]","[0, 0.3, 0.3, 0.35, 0.6]",5
85,6-2,1869486.0,"(10, 40)",5,10,50,"[0, 10, 30, 50, 100]","[0, 0.3, 0.3, 0.35, 0.6]",5
85,8-2,1807855.0000000002,"(36, 13)",5,10,50,"[0, 10, 30, 50, 100]","[0, 0.3, 0.3, 0.35, 0.6]",5
86,4-2,4273105.000000001,"(31, 16)",5,10,50,"[0, 10, 30, 50, 100]","[0, 0.3, 0.3, 0.35, 0.6]",5
86,1-2,3225368.0000000005,"(32, 19)",5,10,50,"[0, 10, 30, 50, 100]","[0, 0.3, 0.3, 0.35, 0.6]",5
86,2-2,2855584.0000000005,"(36, 15)",5,10,50,"[0, 10, 30, 50, 100]","[0, 0.3, 0.3, 0.35, 0.6]",5
86,0-2,2444711.0,"(13, 39)",5,10,50,"[0, 10, 30, 50, 100]","[0, 0.3, 0.3, 0.35, 0.6]",5
86,9-2,2300905.0000000005,"(35, 11)",5,10,50,"[0, 10, 30, 50, 100]","[0, 0.3, 0.3, 0.35, 0.6]",5
86,5-2,2095466.0000000002,"(15, 36)",5,10,50,"[0, 10, 30, 50, 100]","[0, 0.3, 0.3, 0.35, 0.6]",5
86,6-2,1951661.0,"(10, 39)",5,10,50,"[0, 10, 30, 50, 100]","[0, 0.3, 0.3, 0.35, 0.6]",5
86,8-2,1890030.0000000002,"(36, 14)",5,10,50,"[0, 10, 30, 50, 100]","[0, 0.3, 0.3, 0.35, 0.6]",5
87,4-2,4355280.000000001,"(30, 16)",5,10,50,"[0, 10, 30, 50, 100]","[0, 0.3, 0.3, 0.35, 0.6]",5
87,1-2,3307543.0000000005,"(33, 19)",5,10,50,"[0, 10, 30, 50, 100]","[0, 0.3, 0.3, 0.35, 0.6]",5
87,2-2,2937759.0000000005,"(35, 15)",5,10,50,"[0, 10, 30, 50, 100]","[0, 0.3, 0.3, 0.35, 0.6]",5
87,0-2,2526886.0,"(13, 40)",5,10,50,"[0, 10, 30, 50, 100]","[0, 0.3, 0.3, 0.35, 0.6]",5
87,9-2,2383080.0000000005,"(35, 10)",5,10,50,"[0, 10, 30, 50, 100]","[0, 0.3, 0.3, 0.35, 0.6]",5
87,5-2,2177641.0000000005,"(15, 35)",5,10,50,"[0, 10, 30, 50, 100]","[0, 0.3, 0.3, 0.35, 0.6]",5
87,6-2,2033836.0,"(10, 38)",5,10,50,"[0, 10, 30, 50, 100]","[0, 0.3, 0.3, 0.35, 0.6]",5
87,8-2,1972205.0000000002,"(35, 14)",5,10,50,"[0, 10, 30, 50, 100]","[0, 0.3, 0.3, 0.35, 0.6]",5
88,4-2,4437455.000000001,"(31, 16)",5,10,50,"[0, 10, 30, 50, 100]","[0, 0.3, 0.3, 0.35, 0.6]",5
88,1-2,3389718.0000000005,"(34, 19)",5,10,50,"[0, 10, 30, 50, 100]","[0, 0.3, 0.3, 0.35, 0.6]",5
88,2-2,3019934.0000000005,"(35, 16)",5,10,50,"[0, 10, 30, 50, 100]","[0, 0.3, 0.3, 0.35, 0.6]",5
88,0-2,2609061.0,"(12, 40)",5,10,50,"[0, 10, 30, 50, 100]","[0, 0.3, 0.3, 0.35, 0.6]",5
88,9-2,2465255.0000000005,"(35, 9)",5,10,50,"[0, 10, 30, 50, 100]","[0, 0.3, 0.3, 0.35, 0.6]",5
88,5-2,2259816.0000000005,"(14, 35)",5,10,50,"[0, 10, 30, 50, 100]","[0, 0.3, 0.3, 0.35, 0.6]",5
88,6-2,2116011.0,"(10, 39)",5,10,50,"[0, 10, 30, 50, 100]","[0, 0.3, 0.3, 0.35, 0.6]",5
88,8-2,2054380.0000000002,"(35, 13)",5,10,50,"[0, 10, 30, 50, 100]","[0, 0.3, 0.3, 0.35, 0.6]",5
89,4-2,4519630.000000001,"(30, 16)",5,10,50,"[0, 10, 30, 50, 100]","[0, 0.3, 0.3, 0.35, 0.6]",5
89,1-2,3471893.0000000005,"(33, 19)",5,10,50,"[0, 10, 30, 50, 100]","[0, 0.3, 0.3, 0.35, 0.6]",5
89,2-2,3102109.0000000005,"(36, 16)",5,10,50,"[0, 10, 30, 50, 100]","[0, 0.3, 0.3, 0.35, 0.6]",5
89,0-2,2691236.0,"(12, 39)",5,10,50,"[0, 10, 30, 50, 100]","[0, 0.3, 0.3, 0.35, 0.6]",5
89,9-2,2547430.0000000005,"(36, 9)",5,10,50,"[0, 10, 30, 50, 100]","[0, 0.3, 0.3, 0.35, 0.6]",5
89,5-2,2341991.0000000005,"(13, 35)",5,10,50,"[0, 10, 30, 50, 100]","[0, 0.3, 0.3, 0.35, 0.6]",5
89,6-2,2198186.0,"(10, 40)",5,10,50,"[0, 10, 30, 50, 100]","[0, 0.3, 0.3, 0.35, 0.6]",5
89,8-2,2136555.0000000005,"(35, 14)",5,10,50,"[0, 10, 30, 50, 100]","[0, 0.3, 0.3, 0.35, 0.6]",5
90,4-2,4601805.000000001,"(29, 16)",5,10,50,"[0, 10, 30, 50, 100]","[0, 0.3, 0.3, 0.35, 0.6]",5
90,1-2,3554068.0000000005,"(33, 20)",5,10,50,"[0, 10, 30, 50, 100]","[0, 0.3, 0.3, 0.35, 0.6]",5
90,2-2,3184284.0000000005,"(36, 17)",5,10,50,"[0, 10, 30, 50, 100]","[0, 0.3, 0.3, 0.35, 0.6]",5
90,0-2,2773411.0,"(12, 40)",5,10,50,"[0, 10, 30, 50, 100]","[0, 0.3, 0.3, 0.35, 0.6]",5
90,9-2,2629605.0000000005,"(36, 10)",5,10,50,"[0, 10, 30, 50, 100]","[0, 0.3, 0.3, 0.35, 0.6]",5
90,5-2,2424166.0000000005,"(12, 35)",5,10,50,"[0, 10, 30, 50, 100]","[0, 0.3, 0.3, 0.35, 0.6]",5
90,6-2,2280361.0,"(10, 39)",5,10,50,"[0, 10, 30, 50, 100]","[0, 0.3, 0.3, 0.35, 0.6]",5
90,8-2,2218730.0000000005,"(36, 14)",5,10,50,"[0, 10, 30, 50, 100]","[0, 0.3, 0.3, 0.35, 0.6]",5
91,4-2,4683980.000000001,"(30, 16)",5,10,50,"[0, 10, 30, 50, 100]","[0, 0.3, 0.3, 0.35, 0.6]",5
91,1-2,3636243.0000000005,"(33, 19)",5,10,50,"[0, 10, 30, 50, 100]","[0, 0.3, 0.3, 0.35, 0.6]",5
91,2-2,3266459.0000000005,"(36, 16)",5,10,50,"[0, 10, 30, 50, 100]","[0, 0.3, 0.3, 0.35, 0.6]",5
91,0-2,2855586.0,"(12, 41)",5,10,50,"[0, 10, 30, 50, 100]","[0, 0.3, 0.3, 0.35, 0.6]",5
91,9-2,2711780.0000000005,"(37, 10)",5,10,50,"[0, 10, 30, 50, 100]","[0, 0.3, 0.3, 0.35, 0.6]",5
91,5-2,2506341.0000000005,"(12, 34)",5,10,50,"[0, 10, 30, 50, 100]","[0, 0.3, 0.3, 0.35, 0.6]",5
91,6-2,2362536.0,"(11, 39)",5,10,50,"[0, 10, 30, 50, 100]","[0, 0.3, 0.3, 0.35, 0.6]",5
91,8-2,2300905.0000000005,"(37, 14)",5,10,50,"[0, 10, 30, 50, 100]","[0, 0.3, 0.3, 0.35, 0.6]",5
92,4-2,4766155.000000001,"(30, 17)",5,10,50,"[0, 10, 30, 50, 100]","[0, 0.3, 0.3, 0.35, 0.6]",5
92,1-2,3718418.0000000005,"(34, 19)",5,10,50,"[0, 10, 30, 50, 100]","[0, 0.3, 0.3, 0.35, 0.6]",5
92,2-2,3348634.0000000005,"(36, 15)",5,10,50,"[0, 10, 30, 50, 100]","[0, 0.3, 0.3, 0.35, 0.6]",5
92,0-2,2937761.0,"(12, 40)",5,10,50,"[0, 10, 30, 50, 100]","[0, 0.3, 0.3, 0.35, 0.6]",5
92,9-2,2793955.0000000005,"(36, 10)",5,10,50,"[0, 10, 30, 50, 100]","[0, 0.3, 0.3, 0.35, 0.6]",5
92,5-2,2588516.0000000005,"(12, 35)",5,10,50,"[0, 10, 30, 50, 100]","[0, 0.3, 0.3, 0.35, 0.6]",5
92,6-2,2444711.0,"(10, 39)",5,10,50,"[0, 10, 30, 50, 100]","[0, 0.3, 0.3, 0.35, 0.6]",5
92,8-2,2383080.0000000005,"(37, 13)",5,10,50,"[0, 10, 30, 50, 100]","[0, 0.3, 0.3, 0.35, 0.6]",5
93,4-2,4848330.000000001,"(31, 17)",5,10,50,"[0, 10, 30, 50, 100]","[0, 0.3, 0.3, 0.35, 0.6]",5
93,1-2,3800593.0000000005,"(34, 18)",5,10,50,"[0, 10, 30, 50, 100]","[0, 0.3, 0.3, 0.35, 0.6]",5
93,2-2,3430809.0000000005,"(37, 15)",5,10,50,"[0, 10, 30, 50, 100]","[0, 0.3, 0.3, 0.35, 0.6]",5
93,0-2,3019936.0,"(12, 41)",5,10,50,"[0, 10, 30, 50, 100]","[0, 0.3, 0.3, 0.35, 0.6]",5
93,9-2,2876130.0000000005,"(36, 9)",5,10,50,"[0, 10, 30, 50, 100]","[0, 0.3, 0.3, 0.35, 0.6]",5
93,5-2,2670691.0000000005,"(11, 35)",5,10,50,"[0, 10, 30, 50, 100]","[0, 0.3, 0.3, 0.35, 0.6]",5
93,6-2,2526886.0,"(9, 39)",5,10,50,"[0, 10, 30, 50, 100]","[0, 0.3, 0.3, 0.35, 0.6]",5
93,8-2,2465255.0000000005,"(36, 13)",5,10,50,"[0, 10, 30, 50, 100]","[0, 0.3, 0.3, 0.35, 0.6]",5
94,4-2,4930505.000000001,"(31, 18)",5,10,50,"[0, 10, 30, 50, 100]","[0, 0.3, 0.3, 0.35, 0.6]",5
94,1-2,3882768.0000000005,"(33, 18)",5,10,50,"[0, 10, 30, 50, 100]","[0, 0.3, 0.3, 0.35, 0.6]",5
94,2-2,3512984.0000000005,"(36, 15)",5,10,50,"[0, 10, 30, 50, 100]","[0, 0.3, 0.3, 0.35, 0.6]",5
94,0-2,3102111.0,"(12, 42)",5,10,50,"[0, 10, 30, 50, 100]","[0, 0.3, 0.3, 0.35, 0.6]",5
94,9-2,2958305.0000000005,"(35, 9)",5,10,50,"[0, 10, 30, 50, 100]","[0, 0.3, 0.3, 0.35, 0.6]",5
94,5-2,2752866.0000000005,"(11, 36)",5,10,50,"[0, 10, 30, 50, 100]","[0, 0.3, 0.3, 0.35, 0.6]",5
94,6-2,2609061.0,"(9, 38)",5,10,50,"[0, 10, 30, 50, 100]","[0, 0.3, 0.3, 0.35, 0.6]",5
94,8-2,2547430.0000000005,"(37, 13)",5,10,50,"[0, 10, 30, 50, 100]","[0, 0.3, 0.3, 0.35, 0.6]",5
95,4-2,5012680.000000001,"(30, 18)",5,10,50,"[0, 10, 30, 50, 100]","[0, 0.3, 0.3, 0.35, 0.6]",5
95,1-2,3964943.0000000005,"(34, 18)",5,10,50,"[0, 10, 30, 50, 100]","[0, 0.3, 0.3, 0.35, 0.6]",5
95,2-2,3595159.0000000005,"(36, 16)",5,10,50,"[0, 10, 30, 50, 100]","[0, 0.3, 0.3, 0.35, 0.6]",5
95,0-2,3184286.0,"(11, 42)",5,10,50,"[0, 10, 30, 50, 100]","[0, 0.3, 0.3, 0.35, 0.6]",5
95,9-2,3040480.0000000005,"(34, 9)",5,10,50,"[0, 10, 30, 50, 100]","[0, 0.3, 0.3, 0.35, 0.6]",5
95,5-2,2835041.0000000005,"(10, 36)",5,10,50,"[0, 10, 30, 50, 100]","[0, 0.3, 0.3, 0.35, 0.6]",5
95,6-2,2691236.0,"(10, 38)",5,10,50,"[0, 10, 30, 50, 100]","[0, 0.3, 0.3, 0.35, 0.6]",5
95,8-2,2629605.0000000005,"(38, 13)",5,10,50,"[0, 10, 30, 50, 100]","[0, 0.3, 0.3, 0.35, 0.6]",5
96,4-2,5094855.000000001,"(30, 17)",5,10,50,"[0, 10, 30, 50, 100]","[0, 0.3, 0.3, 0.35, 0.6]",5
96,1-2,4047118.0000000005,"(34, 17)",5,10,50,"[0, 10, 30, 50, 100]","[0, 0.3, 0.3, 0.35, 0.6]",5
96,2-2,3677334.0000000005,"(35, 16)",5,10,50,"[0, 10, 30, 50, 100]","[0, 0.3, 0.3, 0.35, 0.6]",5
96,0-2,3266461.0,"(11, 41)",5,10,50,"[0, 10, 30, 50, 100]","[0, 0.3, 0.3, 0.35, 0.6]",5
96,9-2,3122655.0000000005,"(35, 9)",5,10,50,"[0, 10, 30, 50, 100]","[0, 0.3, 0.3, 0.35, 0.6]",5
96,5-2,2917216.0000000005,"(9, 36)",5,10,50,"[0, 10, 30, 50, 100]","[0, 0.3, 0.3, 0.35, 0.6]",5
96,6-2,2773411.0,"(10, 39)",5,10,50,"[0, 10, 30, 50, 100]","[0, 0.3, 0.3, 0.35, 0.6]",5
96,8-2,2711780.0000000005,"(39, 13)",5,10,50,"[0, 10, 30, 50, 100]","[0, 0.3, 0.3, 0.35, 0.6]",5
97,4-2,5177030.000000001,"(30, 16)",5,10,50,"[0, 10, 30, 50, 100]","[0, 0.3, 0.3, 0.35, 0.6]",5
97,1-2,4129293.0000000005,"(34, 18)",5,10,50,"[0, 10, 30, 50, 100]","[0, 0.3, 0.3, 0.35, 0.6]",5
97,2-2,3759509.0000000005,"(34, 16)",5,10,50,"[0, 10, 30, 50, 100]","[0, 0.3, 0.3, 0.35, 0.6]",5
97,0-2,3348636.0,"(11, 40)",5,10,50,"[0, 10, 30, 50, 100]","[0, 0.3, 0.3, 0.35, 0.6]",5
97,9-2,3204830.0000000005,"(34, 9)",5,10,50,"[0, 10, 30, 50, 100]","[0, 0.3, 0.3, 0.35, 0.6]",5
97,5-2,2999391.0000000005,"(10, 36)",5,10,50,"[0, 10, 30, 50, 100]","[0, 0.3, 0.3, 0.35, 0.6]",5
97,6-2,2855586.0,"(10, 40)",5,10,50,"[0, 10, 30, 50, 100]","[0, 0.3, 0.3, 0.35, 0.6]",5
97,8-2,2793955.0000000005,"(38, 13)",5,10,50,"[0, 10, 30, 50, 100]","[0, 0.3, 0.3, 0.35, 0.6]",5
98,4-2,5259205.000000001,"(30, 17)",5,10,50,"[0, 10, 30, 50, 100]","[0, 0.3, 0.3, 0.35, 0.6]",5
98,1-2,4211468.000000001,"(33, 18)",5,10,50,"[0, 10, 30, 50, 100]","[0, 0.3, 0.3, 0.35, 0.6]",5
98,2-2,3841684.0000000005,"(34, 17)",5,10,50,"[0, 10, 30, 50, 100]","[0, 0.3, 0.3, 0.35, 0.6]",5
98,0-2,3430811.0,"(10, 40)",5,10,50,"[0, 10, 30, 50, 100]","[0, 0.3, 0.3, 0.35, 0.6]",5
98,9-2,3287005.0000000005,"(35, 9)",5,10,50,"[0, 10, 30, 50, 100]","[0, 0.3, 0.3, 0.35, 0.6]",5
98,5-2,3081566.0000000005,"(11, 36)",5,10,50,"[0, 10, 30, 50, 100]","[0, 0.3, 0.3, 0.35, 0.6]",5
98,6-2,2937761.0,"(10, 41)",5,10,50,"[0, 10, 30, 50, 100]","[0, 0.3, 0.3, 0.35, 0.6]",5
98,8-2,2876130.0000000005,"(37, 13)",5,10,50,"[0, 10, 30, 50, 100]","[0, 0.3, 0.3, 0.35, 0.6]",5
99,4-2,5341380.000000001,"(30, 18)",5,10,50,"[0, 10, 30, 50, 100]","[0, 0.3, 0.3, 0.35, 0.6]",5
99,1-2,4293643.000000001,"(33, 19)",5,10,50,"[0, 10, 30, 50, 100]","[0, 0.3, 0.3, 0.35, 0.6]",5
99,2-2,3923859.0000000005,"(34, 18)",5,10,50,"[0, 10, 30, 50, 100]","[0, 0.3, 0.3, 0.35, 0.6]",5
99,0-2,3512986.0,"(10, 41)",5,10,50,"[0, 10, 30, 50, 100]","[0, 0.3, 0.3, 0.35, 0.6]",5
99,9-2,3369180.0000000005,"(35, 10)",5,10,50,"[0, 10, 30, 50, 100]","[0, 0.3, 0.3, 0.35, 0.6]",5
99,5-2,3163741.0000000005,"(10, 36)",5,10,50,"[0, 10, 30, 50, 100]","[0, 0.3, 0.3, 0.35, 0.6]",5
99,6-2,3019936.0,"(11, 41)",5,10,50,"[0, 10, 30, 50, 100]","[0, 0.3, 0.3, 0.35, 0.6]",5
99,8-2,2958305.0000000005,"(38, 13)",5,10,50,"[0, 10, 30, 50, 100]","[0, 0.3, 0.3, 0.35, 0.6]",5
